Id,season,round,raceName,date,circuitId_x,circuitName,number,position,positionText,points,driverRef,givenName,familyName,dateOfBirth,nationality,constructorRef,name_x,nationality.1,results.grid,results.laps,results.status,location,country,lat,lng,wins
73,2004,1,Australian Grand Prix,07-03-2004,albert_park,Albert Park Grand Prix Circuit,9.0,6.0,6,3.0,button,Jenson,Button,19-01-1980,British,bar,BAR,British,4,58,Finished,Melbourne,Australia,-37.8497,144.968,0
148,2004,1,Australian Grand Prix,07-03-2004,albert_park,Albert Park Grand Prix Circuit,8.0,3.0,3,6.0,alonso,Fernando,Alonso,29-07-1981,Spanish,renault,Renault,French,5,58,Finished,Melbourne,Australia,-37.8497,144.968,0
814,2004,1,Australian Grand Prix,07-03-2004,albert_park,Albert Park Grand Prix Circuit,4.0,4.0,4,5.0,ralf_schumacher,Ralf,Schumacher,30-06-1975,German,williams,Williams,British,8,58,Finished,Melbourne,Australia,-37.8497,144.968,0
815,2004,1,Australian Grand Prix,07-03-2004,albert_park,Albert Park Grand Prix Circuit,3.0,5.0,5,4.0,montoya,Juan,Pablo Montoya,20-09-1975,Colombian,williams,Williams,British,3,58,Finished,Melbourne,Australia,-37.8497,144.968,0
2041,2004,1,Australian Grand Prix,07-03-2004,albert_park,Albert Park Grand Prix Circuit,2.0,2.0,2,8.0,barrichello,Rubens,Barrichello,23-05-1972,Brazilian,ferrari,Ferrari,Italian,2,58,Finished,Melbourne,Australia,-37.8497,144.968,1
2042,2004,1,Australian Grand Prix,07-03-2004,albert_park,Albert Park Grand Prix Circuit,1.0,1.0,1,10.0,michael_schumacher,Michael,Schumacher,03-01-1969,German,ferrari,Ferrari,Italian,1,58,Finished,Melbourne,Australia,-37.8497,144.968,1
7233,2004,1,Australian Grand Prix,07-03-2004,albert_park,Albert Park Grand Prix Circuit,10.0,9.0,9,0.0,sato,Takuma,Sato,28-01-1977,Japanese,bar,BAR,British,7,57,+1 Lap,Melbourne,Australia,-37.8497,144.968,0
7294,2004,1,Australian Grand Prix,07-03-2004,albert_park,Albert Park Grand Prix Circuit,7.0,7.0,7,2.0,trulli,Jarno,Trulli,13-07-1974,Italian,renault,Renault,French,9,57,+1 Lap,Melbourne,Australia,-37.8497,144.968,0
7792,2004,1,Australian Grand Prix,07-03-2004,albert_park,Albert Park Grand Prix Circuit,5.0,8.0,8,1.0,coulthard,David,Coulthard,27-03-1971,British,mclaren,McLaren,British,12,57,+1 Lap,Melbourne,Australia,-37.8497,144.968,0
8804,2004,1,Australian Grand Prix,07-03-2004,albert_park,Albert Park Grand Prix Circuit,11.0,10.0,10,0.0,fisichella,Giancarlo,Fisichella,14-01-1973,Italian,sauber,Sauber,Swiss,14,57,+1 Lap,Melbourne,Australia,-37.8497,144.968,0
11435,2004,1,Australian Grand Prix,07-03-2004,albert_park,Albert Park Grand Prix Circuit,6.0,,R,0.0,raikkonen,Kimi,RÌ_ikkÌ¦nen,17-10-1979,Finnish,mclaren,McLaren,British,10,9,Engine,Melbourne,Australia,-37.8497,144.968,0
11849,2004,1,Australian Grand Prix,07-03-2004,albert_park,Albert Park Grand Prix Circuit,12.0,,R,0.0,massa,Felipe,Massa,25-04-1981,Brazilian,sauber,Sauber,Swiss,11,44,Engine,Melbourne,Australia,-37.8497,144.968,0
13221,2004,1,Australian Grand Prix,07-03-2004,albert_park,Albert Park Grand Prix Circuit,16.0,12.0,12,0.0,matta,Cristiano,da Matta,19-09-1973,Brazilian,toyota,Toyota,Japanese,13,56,+2 Laps,Melbourne,Australia,-37.8497,144.968,0
13222,2004,1,Australian Grand Prix,07-03-2004,albert_park,Albert Park Grand Prix Circuit,17.0,13.0,13,0.0,panis,Olivier,Panis,02-09-1966,French,toyota,Toyota,Japanese,18,56,+2 Laps,Melbourne,Australia,-37.8497,144.968,0
13508,2004,1,Australian Grand Prix,07-03-2004,albert_park,Albert Park Grand Prix Circuit,15.0,11.0,11,0.0,klien,Christian,Klien,07-02-1983,Austrian,jaguar,Jaguar,British,19,56,+2 Laps,Melbourne,Australia,-37.8497,144.968,0
18160,2004,1,Australian Grand Prix,07-03-2004,albert_park,Albert Park Grand Prix Circuit,18.0,,R,0.0,heidfeld,Nick,Heidfeld,10-05-1977,German,jordan,Jordan,Irish,15,43,Transmission,Melbourne,Australia,-37.8497,144.968,0
18190,2004,1,Australian Grand Prix,07-03-2004,albert_park,Albert Park Grand Prix Circuit,14.0,,R,0.0,webber,Mark,Webber,27-08-1976,Australian,jaguar,Jaguar,British,6,29,Transmission,Melbourne,Australia,-37.8497,144.968,0
18495,2004,1,Australian Grand Prix,07-03-2004,albert_park,Albert Park Grand Prix Circuit,19.0,14.0,14,0.0,pantano,Giorgio,Pantano,04-02-1979,Italian,jordan,Jordan,Irish,16,55,+3 Laps,Melbourne,Australia,-37.8497,144.968,0
76,2004,2,Malaysian Grand Prix,21-03-2004,sepang,Sepang International Circuit,9.0,3.0,3,6.0,button,Jenson,Button,19-01-1980,British,bar,BAR,British,6,56,Finished,Kuala Lumpur,Malaysia,2.76083,101.738,0
151,2004,2,Malaysian Grand Prix,21-03-2004,sepang,Sepang International Circuit,7.0,5.0,5,4.0,trulli,Jarno,Trulli,13-07-1974,Italian,renault,Renault,French,8,56,Finished,Kuala Lumpur,Malaysia,2.76083,101.738,0
152,2004,2,Malaysian Grand Prix,21-03-2004,sepang,Sepang International Circuit,8.0,7.0,7,2.0,alonso,Fernando,Alonso,29-07-1981,Spanish,renault,Renault,French,19,56,Finished,Kuala Lumpur,Malaysia,2.76083,101.738,0
820,2004,2,Malaysian Grand Prix,21-03-2004,sepang,Sepang International Circuit,3.0,2.0,2,8.0,montoya,Juan,Pablo Montoya,20-09-1975,Colombian,williams,Williams,British,4,56,Finished,Kuala Lumpur,Malaysia,2.76083,101.738,0
1452,2004,2,Malaysian Grand Prix,21-03-2004,sepang,Sepang International Circuit,5.0,6.0,6,3.0,coulthard,David,Coulthard,27-03-1971,British,mclaren,McLaren,British,9,56,Finished,Kuala Lumpur,Malaysia,2.76083,101.738,0
2050,2004,2,Malaysian Grand Prix,21-03-2004,sepang,Sepang International Circuit,2.0,4.0,4,5.0,barrichello,Rubens,Barrichello,23-05-1972,Brazilian,ferrari,Ferrari,Italian,3,56,Finished,Kuala Lumpur,Malaysia,2.76083,101.738,2
2051,2004,2,Malaysian Grand Prix,21-03-2004,sepang,Sepang International Circuit,1.0,1.0,1,10.0,michael_schumacher,Michael,Schumacher,03-01-1969,German,ferrari,Ferrari,Italian,1,56,Finished,Kuala Lumpur,Malaysia,2.76083,101.738,2
8254,2004,2,Malaysian Grand Prix,21-03-2004,sepang,Sepang International Circuit,16.0,9.0,9,0.0,matta,Cristiano,da Matta,19-09-1973,Brazilian,toyota,Toyota,Japanese,10,55,+1 Lap,Kuala Lumpur,Malaysia,2.76083,101.738,0
8255,2004,2,Malaysian Grand Prix,21-03-2004,sepang,Sepang International Circuit,17.0,12.0,12,0.0,panis,Olivier,Panis,02-09-1966,French,toyota,Toyota,Japanese,14,55,+1 Lap,Kuala Lumpur,Malaysia,2.76083,101.738,0
8805,2004,2,Malaysian Grand Prix,21-03-2004,sepang,Sepang International Circuit,11.0,11.0,11,0.0,fisichella,Giancarlo,Fisichella,14-01-1973,Italian,sauber,Sauber,Swiss,12,55,+1 Lap,Kuala Lumpur,Malaysia,2.76083,101.738,0
8806,2004,2,Malaysian Grand Prix,21-03-2004,sepang,Sepang International Circuit,12.0,8.0,8,1.0,massa,Felipe,Massa,25-04-1981,Brazilian,sauber,Sauber,Swiss,11,55,+1 Lap,Kuala Lumpur,Malaysia,2.76083,101.738,0
9095,2004,2,Malaysian Grand Prix,21-03-2004,sepang,Sepang International Circuit,15.0,10.0,10,0.0,klien,Christian,Klien,07-02-1983,Austrian,jaguar,Jaguar,British,13,55,+1 Lap,Kuala Lumpur,Malaysia,2.76083,101.738,0
10778,2004,2,Malaysian Grand Prix,21-03-2004,sepang,Sepang International Circuit,14.0,,R,0.0,webber,Mark,Webber,27-08-1976,Australian,jaguar,Jaguar,British,2,23,Spun off,Kuala Lumpur,Malaysia,2.76083,101.738,0
11368,2004,2,Malaysian Grand Prix,21-03-2004,sepang,Sepang International Circuit,4.0,,R,0.0,ralf_schumacher,Ralf,Schumacher,30-06-1975,German,williams,Williams,British,7,27,Engine,Kuala Lumpur,Malaysia,2.76083,101.738,0
13185,2004,2,Malaysian Grand Prix,21-03-2004,sepang,Sepang International Circuit,19.0,13.0,13,0.0,pantano,Giorgio,Pantano,04-02-1979,Italian,jordan,Jordan,Irish,18,54,+2 Laps,Kuala Lumpur,Malaysia,2.76083,101.738,0
16859,2004,2,Malaysian Grand Prix,21-03-2004,sepang,Sepang International Circuit,10.0,15.0,15,0.0,sato,Takuma,Sato,28-01-1977,Japanese,bar,BAR,British,20,52,+4 Laps,Kuala Lumpur,Malaysia,2.76083,101.738,0
16900,2004,2,Malaysian Grand Prix,21-03-2004,sepang,Sepang International Circuit,21.0,16.0,16,0.0,baumgartner,Zsolt,Baumgartner,01-01-1981,Hungarian,minardi,Minardi,Italian,17,52,+4 Laps,Kuala Lumpur,Malaysia,2.76083,101.738,0
18121,2004,2,Malaysian Grand Prix,21-03-2004,sepang,Sepang International Circuit,6.0,,R,0.0,raikkonen,Kimi,RÌ_ikkÌ¦nen,17-10-1979,Finnish,mclaren,McLaren,British,5,40,Transmission,Kuala Lumpur,Malaysia,2.76083,101.738,0
18161,2004,2,Malaysian Grand Prix,21-03-2004,sepang,Sepang International Circuit,18.0,,R,0.0,heidfeld,Nick,Heidfeld,10-05-1977,German,jordan,Jordan,Irish,15,34,Transmission,Kuala Lumpur,Malaysia,2.76083,101.738,0
18540,2004,2,Malaysian Grand Prix,21-03-2004,sepang,Sepang International Circuit,20.0,14.0,14,0.0,bruni,Gianmaria,Bruni,30-05-1981,Italian,minardi,Minardi,Italian,16,53,+3 Laps,Kuala Lumpur,Malaysia,2.76083,101.738,0
80,2004,3,Bahrain Grand Prix,04-04-2004,bahrain,Bahrain International Circuit,9.0,3.0,3,6.0,button,Jenson,Button,19-01-1980,British,bar,BAR,British,6,57,Finished,Sakhir,Bahrain,26.0325,50.5106,0
81,2004,3,Bahrain Grand Prix,04-04-2004,bahrain,Bahrain International Circuit,10.0,5.0,5,4.0,sato,Takuma,Sato,28-01-1977,Japanese,bar,BAR,British,5,57,Finished,Sakhir,Bahrain,26.0325,50.5106,0
154,2004,3,Bahrain Grand Prix,04-04-2004,bahrain,Bahrain International Circuit,7.0,4.0,4,5.0,trulli,Jarno,Trulli,13-07-1974,Italian,renault,Renault,French,7,57,Finished,Sakhir,Bahrain,26.0325,50.5106,0
155,2004,3,Bahrain Grand Prix,04-04-2004,bahrain,Bahrain International Circuit,8.0,6.0,6,3.0,alonso,Fernando,Alonso,29-07-1981,Spanish,renault,Renault,French,16,57,Finished,Sakhir,Bahrain,26.0325,50.5106,0
826,2004,3,Bahrain Grand Prix,04-04-2004,bahrain,Bahrain International Circuit,4.0,7.0,7,2.0,ralf_schumacher,Ralf,Schumacher,30-06-1975,German,williams,Williams,British,4,57,Finished,Sakhir,Bahrain,26.0325,50.5106,0
2060,2004,3,Bahrain Grand Prix,04-04-2004,bahrain,Bahrain International Circuit,2.0,2.0,2,8.0,barrichello,Rubens,Barrichello,23-05-1972,Brazilian,ferrari,Ferrari,Italian,2,57,Finished,Sakhir,Bahrain,26.0325,50.5106,3
2061,2004,3,Bahrain Grand Prix,04-04-2004,bahrain,Bahrain International Circuit,1.0,1.0,1,10.0,michael_schumacher,Michael,Schumacher,03-01-1969,German,ferrari,Ferrari,Italian,1,57,Finished,Sakhir,Bahrain,26.0325,50.5106,3
7630,2004,3,Bahrain Grand Prix,04-04-2004,bahrain,Bahrain International Circuit,3.0,13.0,13,0.0,montoya,Juan,Pablo Montoya,20-09-1975,Colombian,williams,Williams,British,3,56,+1 Lap,Sakhir,Bahrain,26.0325,50.5106,0
8158,2004,3,Bahrain Grand Prix,04-04-2004,bahrain,Bahrain International Circuit,18.0,15.0,15,0.0,heidfeld,Nick,Heidfeld,10-05-1977,German,jordan,Jordan,Irish,18,56,+1 Lap,Sakhir,Bahrain,26.0325,50.5106,0
8257,2004,3,Bahrain Grand Prix,04-04-2004,bahrain,Bahrain International Circuit,16.0,10.0,10,0.0,matta,Cristiano,da Matta,19-09-1973,Brazilian,toyota,Toyota,Japanese,9,56,+1 Lap,Sakhir,Bahrain,26.0325,50.5106,0
8258,2004,3,Bahrain Grand Prix,04-04-2004,bahrain,Bahrain International Circuit,17.0,9.0,9,0.0,panis,Olivier,Panis,02-09-1966,French,toyota,Toyota,Japanese,8,56,+1 Lap,Sakhir,Bahrain,26.0325,50.5106,0
8807,2004,3,Bahrain Grand Prix,04-04-2004,bahrain,Bahrain International Circuit,11.0,11.0,11,0.0,fisichella,Giancarlo,Fisichella,14-01-1973,Italian,sauber,Sauber,Swiss,11,56,+1 Lap,Sakhir,Bahrain,26.0325,50.5106,0
8808,2004,3,Bahrain Grand Prix,04-04-2004,bahrain,Bahrain International Circuit,12.0,12.0,12,0.0,massa,Felipe,Massa,25-04-1981,Brazilian,sauber,Sauber,Swiss,13,56,+1 Lap,Sakhir,Bahrain,26.0325,50.5106,0
9097,2004,3,Bahrain Grand Prix,04-04-2004,bahrain,Bahrain International Circuit,14.0,8.0,8,1.0,webber,Mark,Webber,27-08-1976,Australian,jaguar,Jaguar,British,14,56,+1 Lap,Sakhir,Bahrain,26.0325,50.5106,0
9098,2004,3,Bahrain Grand Prix,04-04-2004,bahrain,Bahrain International Circuit,15.0,14.0,14,0.0,klien,Christian,Klien,07-02-1983,Austrian,jaguar,Jaguar,British,12,56,+1 Lap,Sakhir,Bahrain,26.0325,50.5106,0
11439,2004,3,Bahrain Grand Prix,04-04-2004,bahrain,Bahrain International Circuit,6.0,,R,0.0,raikkonen,Kimi,RÌ_ikkÌ¦nen,17-10-1979,Finnish,mclaren,McLaren,British,19,7,Engine,Sakhir,Bahrain,26.0325,50.5106,0
11761,2004,3,Bahrain Grand Prix,04-04-2004,bahrain,Bahrain International Circuit,21.0,,R,0.0,baumgartner,Zsolt,Baumgartner,01-01-1981,Hungarian,minardi,Minardi,Italian,20,44,Engine,Sakhir,Bahrain,26.0325,50.5106,0
13186,2004,3,Bahrain Grand Prix,04-04-2004,bahrain,Bahrain International Circuit,19.0,16.0,16,0.0,pantano,Giorgio,Pantano,04-02-1979,Italian,jordan,Jordan,Irish,15,55,+2 Laps,Sakhir,Bahrain,26.0325,50.5106,0
16079,2004,3,Bahrain Grand Prix,04-04-2004,bahrain,Bahrain International Circuit,20.0,17.0,17,0.0,bruni,Gianmaria,Bruni,30-05-1981,Italian,minardi,Minardi,Italian,17,52,+5 Laps,Sakhir,Bahrain,26.0325,50.5106,0
21422,2004,3,Bahrain Grand Prix,04-04-2004,bahrain,Bahrain International Circuit,5.0,,R,0.0,coulthard,David,Coulthard,27-03-1971,British,mclaren,McLaren,British,10,50,Pneumatics,Sakhir,Bahrain,26.0325,50.5106,0
112,2004,4,San Marino Grand Prix,25-04-2004,imola,Autodromo Enzo e Dino Ferrari,9.0,2.0,2,8.0,button,Jenson,Button,19-01-1980,British,bar,BAR,British,1,62,Finished,Imola,Italy,44.3439,11.7167,0
183,2004,4,San Marino Grand Prix,25-04-2004,imola,Autodromo Enzo e Dino Ferrari,7.0,5.0,5,4.0,trulli,Jarno,Trulli,13-07-1974,Italian,renault,Renault,French,9,62,Finished,Imola,Italy,44.3439,11.7167,0
184,2004,4,San Marino Grand Prix,25-04-2004,imola,Autodromo Enzo e Dino Ferrari,8.0,4.0,4,5.0,alonso,Fernando,Alonso,29-07-1981,Spanish,renault,Renault,French,6,62,Finished,Imola,Italy,44.3439,11.7167,0
887,2004,4,San Marino Grand Prix,25-04-2004,imola,Autodromo Enzo e Dino Ferrari,4.0,7.0,7,2.0,ralf_schumacher,Ralf,Schumacher,30-06-1975,German,williams,Williams,British,5,62,Finished,Imola,Italy,44.3439,11.7167,0
888,2004,4,San Marino Grand Prix,25-04-2004,imola,Autodromo Enzo e Dino Ferrari,3.0,3.0,3,6.0,montoya,Juan,Pablo Montoya,20-09-1975,Colombian,williams,Williams,British,3,62,Finished,Imola,Italy,44.3439,11.7167,0
2183,2004,4,San Marino Grand Prix,25-04-2004,imola,Autodromo Enzo e Dino Ferrari,2.0,6.0,6,3.0,barrichello,Rubens,Barrichello,23-05-1972,Brazilian,ferrari,Ferrari,Italian,4,62,Finished,Imola,Italy,44.3439,11.7167,4
2184,2004,4,San Marino Grand Prix,25-04-2004,imola,Autodromo Enzo e Dino Ferrari,1.0,1.0,1,10.0,michael_schumacher,Michael,Schumacher,03-01-1969,German,ferrari,Ferrari,Italian,2,62,Finished,Imola,Italy,44.3439,11.7167,4
7804,2004,4,San Marino Grand Prix,25-04-2004,imola,Autodromo Enzo e Dino Ferrari,6.0,8.0,8,1.0,raikkonen,Kimi,RÌ_ikkÌ¦nen,17-10-1979,Finnish,mclaren,McLaren,British,20,61,+1 Lap,Imola,Italy,44.3439,11.7167,0
7805,2004,4,San Marino Grand Prix,25-04-2004,imola,Autodromo Enzo e Dino Ferrari,5.0,12.0,12,0.0,coulthard,David,Coulthard,27-03-1971,British,mclaren,McLaren,British,11,61,+1 Lap,Imola,Italy,44.3439,11.7167,0
8273,2004,4,San Marino Grand Prix,25-04-2004,imola,Autodromo Enzo e Dino Ferrari,17.0,11.0,11,0.0,panis,Olivier,Panis,02-09-1966,French,toyota,Toyota,Japanese,13,61,+1 Lap,Imola,Italy,44.3439,11.7167,0
8818,2004,4,San Marino Grand Prix,25-04-2004,imola,Autodromo Enzo e Dino Ferrari,11.0,9.0,9,0.0,fisichella,Giancarlo,Fisichella,14-01-1973,Italian,sauber,Sauber,Swiss,18,61,+1 Lap,Imola,Italy,44.3439,11.7167,0
8819,2004,4,San Marino Grand Prix,25-04-2004,imola,Autodromo Enzo e Dino Ferrari,12.0,10.0,10,0.0,massa,Felipe,Massa,25-04-1981,Brazilian,sauber,Sauber,Swiss,12,61,+1 Lap,Imola,Italy,44.3439,11.7167,0
9114,2004,4,San Marino Grand Prix,25-04-2004,imola,Autodromo Enzo e Dino Ferrari,14.0,13.0,13,0.0,webber,Mark,Webber,27-08-1976,Australian,jaguar,Jaguar,British,8,61,+1 Lap,Imola,Italy,44.3439,11.7167,0
11252,2004,4,San Marino Grand Prix,25-04-2004,imola,Autodromo Enzo e Dino Ferrari,10.0,16.0,16,0.0,sato,Takuma,Sato,28-01-1977,Japanese,bar,BAR,British,7,56,Engine,Imola,Italy,44.3439,11.7167,0
13512,2004,4,San Marino Grand Prix,25-04-2004,imola,Autodromo Enzo e Dino Ferrari,15.0,14.0,14,0.0,klien,Christian,Klien,07-02-1983,Austrian,jaguar,Jaguar,British,14,60,+2 Laps,Imola,Italy,44.3439,11.7167,0
14545,2004,4,San Marino Grand Prix,25-04-2004,imola,Autodromo Enzo e Dino Ferrari,19.0,,R,0.0,pantano,Giorgio,Pantano,04-02-1979,Italian,jordan,Jordan,Irish,15,6,Hydraulics,Imola,Italy,44.3439,11.7167,0
15282,2004,4,San Marino Grand Prix,25-04-2004,imola,Autodromo Enzo e Dino Ferrari,16.0,,R,0.0,matta,Cristiano,da Matta,19-09-1973,Brazilian,toyota,Toyota,Japanese,10,32,Accident,Imola,Italy,44.3439,11.7167,0
16723,2004,4,San Marino Grand Prix,25-04-2004,imola,Autodromo Enzo e Dino Ferrari,20.0,,R,0.0,bruni,Gianmaria,Bruni,30-05-1981,Italian,minardi,Minardi,Italian,17,22,Brakes,Imola,Italy,44.3439,11.7167,0
16909,2004,4,San Marino Grand Prix,25-04-2004,imola,Autodromo Enzo e Dino Ferrari,21.0,15.0,15,0.0,baumgartner,Zsolt,Baumgartner,01-01-1981,Hungarian,minardi,Minardi,Italian,19,58,+4 Laps,Imola,Italy,44.3439,11.7167,0
19203,2004,4,San Marino Grand Prix,25-04-2004,imola,Autodromo Enzo e Dino Ferrari,18.0,,R,0.0,heidfeld,Nick,Heidfeld,10-05-1977,German,jordan,Jordan,Irish,16,48,Driveshaft,Imola,Italy,44.3439,11.7167,0
82,2004,5,Spanish Grand Prix,09-05-2004,catalunya,Circuit de Barcelona-Catalunya,10.0,5.0,5,4.0,sato,Takuma,Sato,28-01-1977,Japanese,bar,BAR,British,3,66,Finished,MontmelÌ_,Spain,41.57,2.26111,0
156,2004,5,Spanish Grand Prix,09-05-2004,catalunya,Circuit de Barcelona-Catalunya,7.0,3.0,3,6.0,trulli,Jarno,Trulli,13-07-1974,Italian,renault,Renault,French,4,66,Finished,MontmelÌ_,Spain,41.57,2.26111,0
157,2004,5,Spanish Grand Prix,09-05-2004,catalunya,Circuit de Barcelona-Catalunya,8.0,4.0,4,5.0,alonso,Fernando,Alonso,29-07-1981,Spanish,renault,Renault,French,8,66,Finished,MontmelÌ_,Spain,41.57,2.26111,0
827,2004,5,Spanish Grand Prix,09-05-2004,catalunya,Circuit de Barcelona-Catalunya,4.0,6.0,6,3.0,ralf_schumacher,Ralf,Schumacher,30-06-1975,German,williams,Williams,British,6,66,Finished,MontmelÌ_,Spain,41.57,2.26111,0
2062,2004,5,Spanish Grand Prix,09-05-2004,catalunya,Circuit de Barcelona-Catalunya,2.0,2.0,2,8.0,barrichello,Rubens,Barrichello,23-05-1972,Brazilian,ferrari,Ferrari,Italian,5,66,Finished,MontmelÌ_,Spain,41.57,2.26111,5
2063,2004,5,Spanish Grand Prix,09-05-2004,catalunya,Circuit de Barcelona-Catalunya,1.0,1.0,1,10.0,michael_schumacher,Michael,Schumacher,03-01-1969,German,ferrari,Ferrari,Italian,1,66,Finished,MontmelÌ_,Spain,41.57,2.26111,5
3907,2004,5,Spanish Grand Prix,09-05-2004,catalunya,Circuit de Barcelona-Catalunya,11.0,7.0,7,2.0,fisichella,Giancarlo,Fisichella,14-01-1973,Italian,sauber,Sauber,Swiss,12,66,Finished,MontmelÌ_,Spain,41.57,2.26111,0
7235,2004,5,Spanish Grand Prix,09-05-2004,catalunya,Circuit de Barcelona-Catalunya,9.0,8.0,8,1.0,button,Jenson,Button,19-01-1980,British,bar,BAR,British,14,65,+1 Lap,MontmelÌ_,Spain,41.57,2.26111,0
7794,2004,5,Spanish Grand Prix,09-05-2004,catalunya,Circuit de Barcelona-Catalunya,6.0,11.0,11,0.0,raikkonen,Kimi,RÌ_ikkÌ¦nen,17-10-1979,Finnish,mclaren,McLaren,British,13,65,+1 Lap,MontmelÌ_,Spain,41.57,2.26111,0
7795,2004,5,Spanish Grand Prix,09-05-2004,catalunya,Circuit de Barcelona-Catalunya,5.0,10.0,10,0.0,coulthard,David,Coulthard,27-03-1971,British,mclaren,McLaren,British,10,65,+1 Lap,MontmelÌ_,Spain,41.57,2.26111,0
8259,2004,5,Spanish Grand Prix,09-05-2004,catalunya,Circuit de Barcelona-Catalunya,16.0,13.0,13,0.0,matta,Cristiano,da Matta,19-09-1973,Brazilian,toyota,Toyota,Japanese,11,65,+1 Lap,MontmelÌ_,Spain,41.57,2.26111,0
8809,2004,5,Spanish Grand Prix,09-05-2004,catalunya,Circuit de Barcelona-Catalunya,12.0,9.0,9,0.0,massa,Felipe,Massa,25-04-1981,Brazilian,sauber,Sauber,Swiss,17,65,+1 Lap,MontmelÌ_,Spain,41.57,2.26111,0
9099,2004,5,Spanish Grand Prix,09-05-2004,catalunya,Circuit de Barcelona-Catalunya,14.0,12.0,12,0.0,webber,Mark,Webber,27-08-1976,Australian,jaguar,Jaguar,British,9,65,+1 Lap,MontmelÌ_,Spain,41.57,2.26111,0
10678,2004,5,Spanish Grand Prix,09-05-2004,catalunya,Circuit de Barcelona-Catalunya,20.0,,R,0.0,bruni,Gianmaria,Bruni,30-05-1981,Italian,minardi,Minardi,Italian,18,31,Spun off,MontmelÌ_,Spain,41.57,2.26111,0
10679,2004,5,Spanish Grand Prix,09-05-2004,catalunya,Circuit de Barcelona-Catalunya,21.0,,R,0.0,baumgartner,Zsolt,Baumgartner,01-01-1981,Hungarian,minardi,Minardi,Italian,20,17,Spun off,MontmelÌ_,Spain,41.57,2.26111,0
14434,2004,5,Spanish Grand Prix,09-05-2004,catalunya,Circuit de Barcelona-Catalunya,15.0,,R,0.0,klien,Christian,Klien,07-02-1983,Austrian,jaguar,Jaguar,British,16,43,Throttle,MontmelÌ_,Spain,41.57,2.26111,0
14544,2004,5,Spanish Grand Prix,09-05-2004,catalunya,Circuit de Barcelona-Catalunya,18.0,,R,0.0,heidfeld,Nick,Heidfeld,10-05-1977,German,jordan,Jordan,Irish,15,33,Hydraulics,MontmelÌ_,Spain,41.57,2.26111,0
14553,2004,5,Spanish Grand Prix,09-05-2004,catalunya,Circuit de Barcelona-Catalunya,17.0,,R,0.0,panis,Olivier,Panis,02-09-1966,French,toyota,Toyota,Japanese,7,33,Hydraulics,MontmelÌ_,Spain,41.57,2.26111,0
16675,2004,5,Spanish Grand Prix,09-05-2004,catalunya,Circuit de Barcelona-Catalunya,3.0,,R,0.0,montoya,Juan,Pablo Montoya,20-09-1975,Colombian,williams,Williams,British,2,46,Brakes,MontmelÌ_,Spain,41.57,2.26111,0
18065,2004,5,Spanish Grand Prix,09-05-2004,catalunya,Circuit de Barcelona-Catalunya,19.0,,R,0.0,pantano,Giorgio,Pantano,04-02-1979,Italian,jordan,Jordan,Irish,19,51,Steering,MontmelÌ_,Spain,41.57,2.26111,0
83,2004,6,Monaco Grand Prix,23-05-2004,monaco,Circuit de Monaco,9.0,2.0,2,8.0,button,Jenson,Button,19-01-1980,British,bar,BAR,British,2,77,Finished,Monte-Carlo,Monaco,43.7347,7.42056,0
159,2004,6,Monaco Grand Prix,23-05-2004,monaco,Circuit de Monaco,7.0,1.0,1,10.0,trulli,Jarno,Trulli,13-07-1974,Italian,renault,Renault,French,1,77,Finished,Monte-Carlo,Monaco,43.7347,7.42056,1
2072,2004,6,Monaco Grand Prix,23-05-2004,monaco,Circuit de Monaco,2.0,3.0,3,6.0,barrichello,Rubens,Barrichello,23-05-1972,Brazilian,ferrari,Ferrari,Italian,6,77,Finished,Monte-Carlo,Monaco,43.7347,7.42056,5
5785,2004,6,Monaco Grand Prix,23-05-2004,monaco,Circuit de Monaco,4.0,10.0,10,0.0,ralf_schumacher,Ralf,Schumacher,30-06-1975,German,williams,Williams,British,12,69,Gearbox,Monte-Carlo,Monaco,43.7347,7.42056,0
5934,2004,6,Monaco Grand Prix,23-05-2004,monaco,Circuit de Monaco,20.0,,R,0.0,bruni,Gianmaria,Bruni,30-05-1981,Italian,minardi,Minardi,Italian,20,15,Gearbox,Monte-Carlo,Monaco,43.7347,7.42056,0
6033,2004,6,Monaco Grand Prix,23-05-2004,monaco,Circuit de Monaco,14.0,,R,0.0,webber,Mark,Webber,27-08-1976,Australian,jaguar,Jaguar,British,11,11,Gearbox,Monte-Carlo,Monaco,43.7347,7.42056,0
6594,2004,6,Monaco Grand Prix,23-05-2004,monaco,Circuit de Monaco,5.0,,R,0.0,coulthard,David,Coulthard,27-03-1971,British,mclaren,McLaren,British,8,2,Collision,Monte-Carlo,Monaco,43.7347,7.42056,0
6644,2004,6,Monaco Grand Prix,23-05-2004,monaco,Circuit de Monaco,1.0,,R,0.0,michael_schumacher,Michael,Schumacher,03-01-1969,German,ferrari,Ferrari,Italian,4,45,Collision,Monte-Carlo,Monaco,43.7347,7.42056,5
6862,2004,6,Monaco Grand Prix,23-05-2004,monaco,Circuit de Monaco,11.0,,R,0.0,fisichella,Giancarlo,Fisichella,14-01-1973,Italian,sauber,Sauber,Swiss,10,2,Collision,Monte-Carlo,Monaco,43.7347,7.42056,0
7632,2004,6,Monaco Grand Prix,23-05-2004,monaco,Circuit de Monaco,3.0,4.0,4,5.0,montoya,Juan,Pablo Montoya,20-09-1975,Colombian,williams,Williams,British,9,76,+1 Lap,Monte-Carlo,Monaco,43.7347,7.42056,0
8261,2004,6,Monaco Grand Prix,23-05-2004,monaco,Circuit de Monaco,16.0,6.0,6,3.0,matta,Cristiano,da Matta,19-09-1973,Brazilian,toyota,Toyota,Japanese,15,76,+1 Lap,Monte-Carlo,Monaco,43.7347,7.42056,0
8810,2004,6,Monaco Grand Prix,23-05-2004,monaco,Circuit de Monaco,12.0,5.0,5,4.0,massa,Felipe,Massa,25-04-1981,Brazilian,sauber,Sauber,Swiss,16,76,+1 Lap,Monte-Carlo,Monaco,43.7347,7.42056,0
11244,2004,6,Monaco Grand Prix,23-05-2004,monaco,Circuit de Monaco,10.0,,R,0.0,sato,Takuma,Sato,28-01-1977,Japanese,bar,BAR,British,7,2,Engine,Monte-Carlo,Monaco,43.7347,7.42056,0
13187,2004,6,Monaco Grand Prix,23-05-2004,monaco,Circuit de Monaco,18.0,7.0,7,2.0,heidfeld,Nick,Heidfeld,10-05-1977,German,jordan,Jordan,Irish,17,75,+2 Laps,Monte-Carlo,Monaco,43.7347,7.42056,0
15058,2004,6,Monaco Grand Prix,23-05-2004,monaco,Circuit de Monaco,8.0,,R,0.0,alonso,Fernando,Alonso,29-07-1981,Spanish,renault,Renault,French,3,41,Accident,Monte-Carlo,Monaco,43.7347,7.42056,1
15391,2004,6,Monaco Grand Prix,23-05-2004,monaco,Circuit de Monaco,15.0,,R,0.0,klien,Christian,Klien,07-02-1983,Austrian,jaguar,Jaguar,British,14,0,Accident,Monte-Carlo,Monaco,43.7347,7.42056,0
18162,2004,6,Monaco Grand Prix,23-05-2004,monaco,Circuit de Monaco,19.0,,R,0.0,pantano,Giorgio,Pantano,04-02-1979,Italian,jordan,Jordan,Irish,18,12,Transmission,Monte-Carlo,Monaco,43.7347,7.42056,0
18516,2004,6,Monaco Grand Prix,23-05-2004,monaco,Circuit de Monaco,17.0,8.0,8,1.0,panis,Olivier,Panis,02-09-1966,French,toyota,Toyota,Japanese,13,74,+3 Laps,Monte-Carlo,Monaco,43.7347,7.42056,0
21128,2004,6,Monaco Grand Prix,23-05-2004,monaco,Circuit de Monaco,21.0,9.0,9,0.0,baumgartner,Zsolt,Baumgartner,01-01-1981,Hungarian,minardi,Minardi,Italian,19,71,+6 Laps,Monte-Carlo,Monaco,43.7347,7.42056,0
21423,2004,6,Monaco Grand Prix,23-05-2004,monaco,Circuit de Monaco,6.0,,R,0.0,raikkonen,Kimi,RÌ_ikkÌ¦nen,17-10-1979,Finnish,mclaren,McLaren,British,5,27,Pneumatics,Monte-Carlo,Monaco,43.7347,7.42056,0
92,2004,7,European Grand Prix,30-05-2004,nurburgring,NÌ_rburgring,9.0,3.0,3,6.0,button,Jenson,Button,19-01-1980,British,bar,BAR,British,5,60,Finished,NÌ_rburg,Germany,50.3356,6.9475,0
164,2004,7,European Grand Prix,30-05-2004,nurburgring,NÌ_rburgring,7.0,4.0,4,5.0,trulli,Jarno,Trulli,13-07-1974,Italian,renault,Renault,French,3,60,Finished,NÌ_rburg,Germany,50.3356,6.9475,1
165,2004,7,European Grand Prix,30-05-2004,nurburgring,NÌ_rburgring,8.0,5.0,5,4.0,alonso,Fernando,Alonso,29-07-1981,Spanish,renault,Renault,French,6,60,Finished,NÌ_rburg,Germany,50.3356,6.9475,1
2092,2004,7,European Grand Prix,30-05-2004,nurburgring,NÌ_rburgring,2.0,2.0,2,8.0,barrichello,Rubens,Barrichello,23-05-1972,Brazilian,ferrari,Ferrari,Italian,7,60,Finished,NÌ_rburg,Germany,50.3356,6.9475,6
2093,2004,7,European Grand Prix,30-05-2004,nurburgring,NÌ_rburgring,1.0,1.0,1,10.0,michael_schumacher,Michael,Schumacher,03-01-1969,German,ferrari,Ferrari,Italian,1,60,Finished,NÌ_rburg,Germany,50.3356,6.9475,6
3910,2004,7,European Grand Prix,30-05-2004,nurburgring,NÌ_rburgring,11.0,6.0,6,3.0,fisichella,Giancarlo,Fisichella,14-01-1973,Italian,sauber,Sauber,Swiss,19,60,Finished,NÌ_rburg,Germany,50.3356,6.9475,0
4470,2004,7,European Grand Prix,30-05-2004,nurburgring,NÌ_rburgring,14.0,7.0,7,2.0,webber,Mark,Webber,27-08-1976,Australian,jaguar,Jaguar,British,14,60,Finished,NÌ_rburg,Germany,50.3356,6.9475,0
6539,2004,7,European Grand Prix,30-05-2004,nurburgring,NÌ_rburgring,4.0,,R,0.0,ralf_schumacher,Ralf,Schumacher,30-06-1975,German,williams,Williams,British,9,0,Collision,NÌ_rburg,Germany,50.3356,6.9475,0
6739,2004,7,European Grand Prix,30-05-2004,nurburgring,NÌ_rburgring,16.0,,R,0.0,matta,Cristiano,da Matta,19-09-1973,Brazilian,toyota,Toyota,Japanese,11,0,Collision,NÌ_rburg,Germany,50.3356,6.9475,0
7634,2004,7,European Grand Prix,30-05-2004,nurburgring,NÌ_rburgring,3.0,8.0,8,1.0,montoya,Juan,Pablo Montoya,20-09-1975,Colombian,williams,Williams,British,8,59,+1 Lap,NÌ_rburg,Germany,50.3356,6.9475,0
8160,2004,7,European Grand Prix,30-05-2004,nurburgring,NÌ_rburgring,18.0,10.0,10,0.0,heidfeld,Nick,Heidfeld,10-05-1977,German,jordan,Jordan,Irish,13,59,+1 Lap,NÌ_rburg,Germany,50.3356,6.9475,0
8264,2004,7,European Grand Prix,30-05-2004,nurburgring,NÌ_rburgring,17.0,11.0,11,0.0,panis,Olivier,Panis,02-09-1966,French,toyota,Toyota,Japanese,10,59,+1 Lap,NÌ_rburg,Germany,50.3356,6.9475,0
8811,2004,7,European Grand Prix,30-05-2004,nurburgring,NÌ_rburgring,12.0,9.0,9,0.0,massa,Felipe,Massa,25-04-1981,Brazilian,sauber,Sauber,Swiss,16,59,+1 Lap,NÌ_rburg,Germany,50.3356,6.9475,0
9103,2004,7,European Grand Prix,30-05-2004,nurburgring,NÌ_rburgring,15.0,12.0,12,0.0,klien,Christian,Klien,07-02-1983,Austrian,jaguar,Jaguar,British,12,59,+1 Lap,NÌ_rburg,Germany,50.3356,6.9475,0
11246,2004,7,European Grand Prix,30-05-2004,nurburgring,NÌ_rburgring,10.0,,R,0.0,sato,Takuma,Sato,28-01-1977,Japanese,bar,BAR,British,2,47,Engine,NÌ_rburg,Germany,50.3356,6.9475,0
11442,2004,7,European Grand Prix,30-05-2004,nurburgring,NÌ_rburgring,6.0,,R,0.0,raikkonen,Kimi,RÌ_ikkÌ¦nen,17-10-1979,Finnish,mclaren,McLaren,British,4,9,Engine,NÌ_rburg,Germany,50.3356,6.9475,0
11443,2004,7,European Grand Prix,30-05-2004,nurburgring,NÌ_rburgring,5.0,,R,0.0,coulthard,David,Coulthard,27-03-1971,British,mclaren,McLaren,British,18,25,Engine,NÌ_rburg,Germany,50.3356,6.9475,0
13188,2004,7,European Grand Prix,30-05-2004,nurburgring,NÌ_rburgring,19.0,13.0,13,0.0,pantano,Giorgio,Pantano,04-02-1979,Italian,jordan,Jordan,Irish,15,58,+2 Laps,NÌ_rburg,Germany,50.3356,6.9475,0
18542,2004,7,European Grand Prix,30-05-2004,nurburgring,NÌ_rburgring,20.0,14.0,14,0.0,bruni,Gianmaria,Bruni,30-05-1981,Italian,minardi,Minardi,Italian,20,57,+3 Laps,NÌ_rburg,Germany,50.3356,6.9475,0
18543,2004,7,European Grand Prix,30-05-2004,nurburgring,NÌ_rburgring,21.0,15.0,15,0.0,baumgartner,Zsolt,Baumgartner,01-01-1981,Hungarian,minardi,Minardi,Italian,17,57,+3 Laps,NÌ_rburg,Germany,50.3356,6.9475,0
106,2004,8,Canadian Grand Prix,13-06-2004,villeneuve,Circuit Gilles Villeneuve,9.0,3.0,3,6.0,button,Jenson,Button,19-01-1980,British,bar,BAR,British,2,70,Finished,Montreal,Canada,45.5,-73.5228,0
2148,2004,8,Canadian Grand Prix,13-06-2004,villeneuve,Circuit Gilles Villeneuve,2.0,2.0,2,8.0,barrichello,Rubens,Barrichello,23-05-1972,Brazilian,ferrari,Ferrari,Italian,7,70,Finished,Montreal,Canada,45.5,-73.5228,7
2149,2004,8,Canadian Grand Prix,13-06-2004,villeneuve,Circuit Gilles Villeneuve,1.0,1.0,1,10.0,michael_schumacher,Michael,Schumacher,03-01-1969,German,ferrari,Ferrari,Italian,6,70,Finished,Montreal,Canada,45.5,-73.5228,7
5935,2004,8,Canadian Grand Prix,13-06-2004,villeneuve,Circuit Gilles Villeneuve,20.0,,R,0.0,bruni,Gianmaria,Bruni,30-05-1981,Italian,minardi,Minardi,Italian,19,30,Gearbox,Montreal,Canada,45.5,-73.5228,0
7799,2004,8,Canadian Grand Prix,13-06-2004,villeneuve,Circuit Gilles Villeneuve,6.0,5.0,5,4.0,raikkonen,Kimi,RÌ_ikkÌ¦nen,17-10-1979,Finnish,mclaren,McLaren,British,8,69,+1 Lap,Montreal,Canada,45.5,-73.5228,0
7800,2004,8,Canadian Grand Prix,13-06-2004,villeneuve,Circuit Gilles Villeneuve,5.0,6.0,6,3.0,coulthard,David,Coulthard,27-03-1971,British,mclaren,McLaren,British,9,69,+1 Lap,Montreal,Canada,45.5,-73.5228,0
8814,2004,8,Canadian Grand Prix,13-06-2004,villeneuve,Circuit Gilles Villeneuve,11.0,4.0,4,5.0,fisichella,Giancarlo,Fisichella,14-01-1973,Italian,sauber,Sauber,Swiss,11,69,+1 Lap,Montreal,Canada,45.5,-73.5228,0
11248,2004,8,Canadian Grand Prix,13-06-2004,villeneuve,Circuit Gilles Villeneuve,10.0,,R,0.0,sato,Takuma,Sato,28-01-1977,Japanese,bar,BAR,British,20,48,Engine,Montreal,Canada,45.5,-73.5228,0
13183,2004,8,Canadian Grand Prix,13-06-2004,villeneuve,Circuit Gilles Villeneuve,19.0,7.0,7,2.0,glock,Timo,Glock,18-03-1982,German,jordan,Jordan,Irish,16,68,+2 Laps,Montreal,Canada,45.5,-73.5228,0
13184,2004,8,Canadian Grand Prix,13-06-2004,villeneuve,Circuit Gilles Villeneuve,18.0,8.0,8,1.0,heidfeld,Nick,Heidfeld,10-05-1977,German,jordan,Jordan,Irish,15,68,+2 Laps,Montreal,Canada,45.5,-73.5228,0
14785,2004,8,Canadian Grand Prix,13-06-2004,villeneuve,Circuit Gilles Villeneuve,14.0,,R,0.0,webber,Mark,Webber,27-08-1976,Australian,jaguar,Jaguar,British,14,6,Suspension,Montreal,Canada,45.5,-73.5228,0
15356,2004,8,Canadian Grand Prix,13-06-2004,villeneuve,Circuit Gilles Villeneuve,12.0,,R,0.0,massa,Felipe,Massa,25-04-1981,Brazilian,sauber,Sauber,Swiss,17,62,Accident,Montreal,Canada,45.5,-73.5228,0
16905,2004,8,Canadian Grand Prix,13-06-2004,villeneuve,Circuit Gilles Villeneuve,21.0,10.0,10,0.0,baumgartner,Zsolt,Baumgartner,01-01-1981,Hungarian,minardi,Minardi,Italian,18,66,+4 Laps,Montreal,Canada,45.5,-73.5228,0
17532,2004,8,Canadian Grand Prix,13-06-2004,villeneuve,Circuit Gilles Villeneuve,4.0,,D,0.0,ralf_schumacher,Ralf,Schumacher,30-06-1975,German,williams,Williams,British,1,70,Disqualified,Montreal,Canada,45.5,-73.5228,0
17533,2004,8,Canadian Grand Prix,13-06-2004,villeneuve,Circuit Gilles Villeneuve,3.0,,D,0.0,montoya,Juan,Pablo Montoya,20-09-1975,Colombian,williams,Williams,British,4,70,Disqualified,Montreal,Canada,45.5,-73.5228,0
17560,2004,8,Canadian Grand Prix,13-06-2004,villeneuve,Circuit Gilles Villeneuve,16.0,,D,0.0,matta,Cristiano,da Matta,19-09-1973,Brazilian,toyota,Toyota,Japanese,12,69,Disqualified,Montreal,Canada,45.5,-73.5228,0
17561,2004,8,Canadian Grand Prix,13-06-2004,villeneuve,Circuit Gilles Villeneuve,17.0,,D,0.0,panis,Olivier,Panis,02-09-1966,French,toyota,Toyota,Japanese,13,69,Disqualified,Montreal,Canada,45.5,-73.5228,0
18094,2004,8,Canadian Grand Prix,13-06-2004,villeneuve,Circuit Gilles Villeneuve,7.0,,R,0.0,trulli,Jarno,Trulli,13-07-1974,Italian,renault,Renault,French,3,0,Transmission,Montreal,Canada,45.5,-73.5228,1
18614,2004,8,Canadian Grand Prix,13-06-2004,villeneuve,Circuit Gilles Villeneuve,15.0,9.0,9,0.0,klien,Christian,Klien,07-02-1983,Austrian,jaguar,Jaguar,British,10,67,+3 Laps,Montreal,Canada,45.5,-73.5228,0
19196,2004,8,Canadian Grand Prix,13-06-2004,villeneuve,Circuit Gilles Villeneuve,8.0,,R,0.0,alonso,Fernando,Alonso,29-07-1981,Spanish,renault,Renault,French,5,44,Driveshaft,Montreal,Canada,45.5,-73.5228,1
111,2004,9,United States Grand Prix,20-06-2004,indianapolis,Indianapolis Motor Speedway,10.0,3.0,3,6.0,sato,Takuma,Sato,28-01-1977,Japanese,bar,BAR,British,3,73,Finished,Indianapolis,USA,39.795,-86.2347,0
181,2004,9,United States Grand Prix,20-06-2004,indianapolis,Indianapolis Motor Speedway,7.0,4.0,4,5.0,trulli,Jarno,Trulli,13-07-1974,Italian,renault,Renault,French,20,73,Finished,Indianapolis,USA,39.795,-86.2347,1
2174,2004,9,United States Grand Prix,20-06-2004,indianapolis,Indianapolis Motor Speedway,2.0,2.0,2,8.0,barrichello,Rubens,Barrichello,23-05-1972,Brazilian,ferrari,Ferrari,Italian,1,73,Finished,Indianapolis,USA,39.795,-86.2347,8
2175,2004,9,United States Grand Prix,20-06-2004,indianapolis,Indianapolis Motor Speedway,1.0,1.0,1,10.0,michael_schumacher,Michael,Schumacher,03-01-1969,German,ferrari,Ferrari,Italian,2,73,Finished,Indianapolis,USA,39.795,-86.2347,8
3241,2004,9,United States Grand Prix,20-06-2004,indianapolis,Indianapolis Motor Speedway,17.0,5.0,5,4.0,panis,Olivier,Panis,02-09-1966,French,toyota,Toyota,Japanese,8,73,Finished,Indianapolis,USA,39.795,-86.2347,0
5735,2004,9,United States Grand Prix,20-06-2004,indianapolis,Indianapolis Motor Speedway,9.0,,R,0.0,button,Jenson,Button,19-01-1980,British,bar,BAR,British,4,26,Gearbox,Indianapolis,USA,39.795,-86.2347,0
5911,2004,9,United States Grand Prix,20-06-2004,indianapolis,Indianapolis Motor Speedway,16.0,,R,0.0,matta,Cristiano,da Matta,19-09-1973,Brazilian,toyota,Toyota,Japanese,11,17,Gearbox,Indianapolis,USA,39.795,-86.2347,0
6720,2004,9,United States Grand Prix,20-06-2004,indianapolis,Indianapolis Motor Speedway,19.0,,R,0.0,pantano,Giorgio,Pantano,04-02-1979,Italian,jordan,Jordan,Irish,17,0,Collision,Indianapolis,USA,39.795,-86.2347,0
6760,2004,9,United States Grand Prix,20-06-2004,indianapolis,Indianapolis Motor Speedway,20.0,,R,0.0,bruni,Gianmaria,Bruni,30-05-1981,Italian,minardi,Minardi,Italian,18,0,Collision,Indianapolis,USA,39.795,-86.2347,0
6863,2004,9,United States Grand Prix,20-06-2004,indianapolis,Indianapolis Motor Speedway,12.0,,R,0.0,massa,Felipe,Massa,25-04-1981,Brazilian,sauber,Sauber,Swiss,15,0,Collision,Indianapolis,USA,39.795,-86.2347,0
6921,2004,9,United States Grand Prix,20-06-2004,indianapolis,Indianapolis Motor Speedway,15.0,,R,0.0,klien,Christian,Klien,07-02-1983,Austrian,jaguar,Jaguar,British,13,0,Collision,Indianapolis,USA,39.795,-86.2347,0
7802,2004,9,United States Grand Prix,20-06-2004,indianapolis,Indianapolis Motor Speedway,6.0,6.0,6,3.0,raikkonen,Kimi,RÌ_ikkÌ¦nen,17-10-1979,Finnish,mclaren,McLaren,British,7,72,+1 Lap,Indianapolis,USA,39.795,-86.2347,0
7803,2004,9,United States Grand Prix,20-06-2004,indianapolis,Indianapolis Motor Speedway,5.0,7.0,7,2.0,coulthard,David,Coulthard,27-03-1971,British,mclaren,McLaren,British,12,72,+1 Lap,Indianapolis,USA,39.795,-86.2347,0
11701,2004,9,United States Grand Prix,20-06-2004,indianapolis,Indianapolis Motor Speedway,18.0,,R,0.0,heidfeld,Nick,Heidfeld,10-05-1977,German,jordan,Jordan,Irish,16,40,Engine,Indianapolis,USA,39.795,-86.2347,0
11893,2004,9,United States Grand Prix,20-06-2004,indianapolis,Indianapolis Motor Speedway,14.0,,R,0.0,webber,Mark,Webber,27-08-1976,Australian,jaguar,Jaguar,British,10,60,Engine,Indianapolis,USA,39.795,-86.2347,0
17534,2004,9,United States Grand Prix,20-06-2004,indianapolis,Indianapolis Motor Speedway,3.0,,D,0.0,montoya,Juan,Pablo Montoya,20-09-1975,Colombian,williams,Williams,British,5,57,Disqualified,Indianapolis,USA,39.795,-86.2347,0
18546,2004,9,United States Grand Prix,20-06-2004,indianapolis,Indianapolis Motor Speedway,21.0,8.0,8,1.0,baumgartner,Zsolt,Baumgartner,01-01-1981,Hungarian,minardi,Minardi,Italian,19,70,+3 Laps,Indianapolis,USA,39.795,-86.2347,0
19220,2004,9,United States Grand Prix,20-06-2004,indianapolis,Indianapolis Motor Speedway,8.0,,R,0.0,alonso,Fernando,Alonso,29-07-1981,Spanish,renault,Renault,French,9,8,Tyre,Indianapolis,USA,39.795,-86.2347,1
19225,2004,9,United States Grand Prix,20-06-2004,indianapolis,Indianapolis Motor Speedway,4.0,,R,0.0,ralf_schumacher,Ralf,Schumacher,30-06-1975,German,williams,Williams,British,6,9,Tyre,Indianapolis,USA,39.795,-86.2347,0
20807,2004,9,United States Grand Prix,20-06-2004,indianapolis,Indianapolis Motor Speedway,11.0,9.0,9,0.0,fisichella,Giancarlo,Fisichella,14-01-1973,Italian,sauber,Sauber,Swiss,14,65,+8 Laps,Indianapolis,USA,39.795,-86.2347,0
107,2004,10,French Grand Prix,04-07-2004,magny_cours,Circuit de Nevers Magny-Cours,9.0,5.0,5,4.0,button,Jenson,Button,19-01-1980,British,bar,BAR,British,4,70,Finished,Magny Cours,France,46.8642,3.16361,0
175,2004,10,French Grand Prix,04-07-2004,magny_cours,Circuit de Nevers Magny-Cours,7.0,4.0,4,5.0,trulli,Jarno,Trulli,13-07-1974,Italian,renault,Renault,French,5,70,Finished,Magny Cours,France,46.8642,3.16361,1
176,2004,10,French Grand Prix,04-07-2004,magny_cours,Circuit de Nevers Magny-Cours,8.0,2.0,2,8.0,alonso,Fernando,Alonso,29-07-1981,Spanish,renault,Renault,French,1,70,Finished,Magny Cours,France,46.8642,3.16361,1
960,2004,10,French Grand Prix,04-07-2004,magny_cours,Circuit de Nevers Magny-Cours,3.0,8.0,8,1.0,montoya,Juan,Pablo Montoya,20-09-1975,Colombian,williams,Williams,British,6,70,Finished,Magny Cours,France,46.8642,3.16361,0
961,2004,10,French Grand Prix,04-07-2004,magny_cours,Circuit de Nevers Magny-Cours,4.0,10.0,10,0.0,gene,Marc,GenÌ©,29-03-1974,Spanish,williams,Williams,British,8,70,Finished,Magny Cours,France,46.8642,3.16361,0
1523,2004,10,French Grand Prix,04-07-2004,magny_cours,Circuit de Nevers Magny-Cours,6.0,7.0,7,2.0,raikkonen,Kimi,RÌ_ikkÌ¦nen,17-10-1979,Finnish,mclaren,McLaren,British,9,70,Finished,Magny Cours,France,46.8642,3.16361,0
1524,2004,10,French Grand Prix,04-07-2004,magny_cours,Circuit de Nevers Magny-Cours,5.0,6.0,6,3.0,coulthard,David,Coulthard,27-03-1971,British,mclaren,McLaren,British,3,70,Finished,Magny Cours,France,46.8642,3.16361,0
2158,2004,10,French Grand Prix,04-07-2004,magny_cours,Circuit de Nevers Magny-Cours,2.0,3.0,3,6.0,barrichello,Rubens,Barrichello,23-05-1972,Brazilian,ferrari,Ferrari,Italian,10,70,Finished,Magny Cours,France,46.8642,3.16361,9
2159,2004,10,French Grand Prix,04-07-2004,magny_cours,Circuit de Nevers Magny-Cours,1.0,1.0,1,10.0,michael_schumacher,Michael,Schumacher,03-01-1969,German,ferrari,Ferrari,Italian,2,70,Finished,Magny Cours,France,46.8642,3.16361,9
4475,2004,10,French Grand Prix,04-07-2004,magny_cours,Circuit de Nevers Magny-Cours,14.0,9.0,9,0.0,webber,Mark,Webber,27-08-1976,Australian,jaguar,Jaguar,British,12,70,Finished,Magny Cours,France,46.8642,3.16361,0
8267,2004,10,French Grand Prix,04-07-2004,magny_cours,Circuit de Nevers Magny-Cours,16.0,14.0,14,0.0,matta,Cristiano,da Matta,19-09-1973,Brazilian,toyota,Toyota,Japanese,11,69,+1 Lap,Magny Cours,France,46.8642,3.16361,0
8815,2004,10,French Grand Prix,04-07-2004,magny_cours,Circuit de Nevers Magny-Cours,11.0,12.0,12,0.0,fisichella,Giancarlo,Fisichella,14-01-1973,Italian,sauber,Sauber,Swiss,15,69,+1 Lap,Magny Cours,France,46.8642,3.16361,0
8816,2004,10,French Grand Prix,04-07-2004,magny_cours,Circuit de Nevers Magny-Cours,12.0,13.0,13,0.0,massa,Felipe,Massa,25-04-1981,Brazilian,sauber,Sauber,Swiss,16,69,+1 Lap,Magny Cours,France,46.8642,3.16361,0
9112,2004,10,French Grand Prix,04-07-2004,magny_cours,Circuit de Nevers Magny-Cours,15.0,11.0,11,0.0,klien,Christian,Klien,07-02-1983,Austrian,jaguar,Jaguar,British,13,69,+1 Lap,Magny Cours,France,46.8642,3.16361,0
10681,2004,10,French Grand Prix,04-07-2004,magny_cours,Circuit de Nevers Magny-Cours,21.0,,R,0.0,baumgartner,Zsolt,Baumgartner,01-01-1981,Hungarian,minardi,Minardi,Italian,20,31,Spun off,Magny Cours,France,46.8642,3.16361,0
11249,2004,10,French Grand Prix,04-07-2004,magny_cours,Circuit de Nevers Magny-Cours,10.0,,R,0.0,sato,Takuma,Sato,28-01-1977,Japanese,bar,BAR,British,7,15,Engine,Magny Cours,France,46.8642,3.16361,0
13190,2004,10,French Grand Prix,04-07-2004,magny_cours,Circuit de Nevers Magny-Cours,18.0,16.0,16,0.0,heidfeld,Nick,Heidfeld,10-05-1977,German,jordan,Jordan,Irish,17,68,+2 Laps,Magny Cours,France,46.8642,3.16361,0
13224,2004,10,French Grand Prix,04-07-2004,magny_cours,Circuit de Nevers Magny-Cours,17.0,15.0,15,0.0,panis,Olivier,Panis,02-09-1966,French,toyota,Toyota,Japanese,14,68,+2 Laps,Magny Cours,France,46.8642,3.16361,0
16906,2004,10,French Grand Prix,04-07-2004,magny_cours,Circuit de Nevers Magny-Cours,20.0,18.0,18,0.0,bruni,Gianmaria,Bruni,30-05-1981,Italian,minardi,Minardi,Italian,19,66,+4 Laps,Magny Cours,France,46.8642,3.16361,0
18496,2004,10,French Grand Prix,04-07-2004,magny_cours,Circuit de Nevers Magny-Cours,19.0,17.0,17,0.0,pantano,Giorgio,Pantano,04-02-1979,Italian,jordan,Jordan,Irish,18,67,+3 Laps,Magny Cours,France,46.8642,3.16361,0
87,2004,11,British Grand Prix,11-07-2004,silverstone,Silverstone Circuit,9.0,4.0,4,5.0,button,Jenson,Button,19-01-1980,British,bar,BAR,British,3,60,Finished,Silverstone,UK,52.0786,-1.01694,0
88,2004,11,British Grand Prix,11-07-2004,silverstone,Silverstone Circuit,10.0,11.0,11,0.0,sato,Takuma,Sato,28-01-1977,Japanese,bar,BAR,British,8,60,Finished,Silverstone,UK,52.0786,-1.01694,0
162,2004,11,British Grand Prix,11-07-2004,silverstone,Silverstone Circuit,8.0,10.0,10,0.0,alonso,Fernando,Alonso,29-07-1981,Spanish,renault,Renault,French,16,60,Finished,Silverstone,UK,52.0786,-1.01694,1
953,2004,11,British Grand Prix,11-07-2004,silverstone,Silverstone Circuit,3.0,5.0,5,4.0,montoya,Juan,Pablo Montoya,20-09-1975,Colombian,williams,Williams,British,7,60,Finished,Silverstone,UK,52.0786,-1.01694,0
954,2004,11,British Grand Prix,11-07-2004,silverstone,Silverstone Circuit,4.0,12.0,12,0.0,gene,Marc,GenÌ©,29-03-1974,Spanish,williams,Williams,British,11,60,Finished,Silverstone,UK,52.0786,-1.01694,0
1478,2004,11,British Grand Prix,11-07-2004,silverstone,Silverstone Circuit,6.0,2.0,2,8.0,raikkonen,Kimi,RÌ_ikkÌ¦nen,17-10-1979,Finnish,mclaren,McLaren,British,1,60,Finished,Silverstone,UK,52.0786,-1.01694,0
1479,2004,11,British Grand Prix,11-07-2004,silverstone,Silverstone Circuit,5.0,7.0,7,2.0,coulthard,David,Coulthard,27-03-1971,British,mclaren,McLaren,British,6,60,Finished,Silverstone,UK,52.0786,-1.01694,0
2081,2004,11,British Grand Prix,11-07-2004,silverstone,Silverstone Circuit,2.0,3.0,3,6.0,barrichello,Rubens,Barrichello,23-05-1972,Brazilian,ferrari,Ferrari,Italian,2,60,Finished,Silverstone,UK,52.0786,-1.01694,10
2082,2004,11,British Grand Prix,11-07-2004,silverstone,Silverstone Circuit,1.0,1.0,1,10.0,michael_schumacher,Michael,Schumacher,03-01-1969,German,ferrari,Ferrari,Italian,4,60,Finished,Silverstone,UK,52.0786,-1.01694,10
3908,2004,11,British Grand Prix,11-07-2004,silverstone,Silverstone Circuit,11.0,6.0,6,3.0,fisichella,Giancarlo,Fisichella,14-01-1973,Italian,sauber,Sauber,Swiss,20,60,Finished,Silverstone,UK,52.0786,-1.01694,0
3909,2004,11,British Grand Prix,11-07-2004,silverstone,Silverstone Circuit,12.0,9.0,9,0.0,massa,Felipe,Massa,25-04-1981,Brazilian,sauber,Sauber,Swiss,10,60,Finished,Silverstone,UK,52.0786,-1.01694,0
4469,2004,11,British Grand Prix,11-07-2004,silverstone,Silverstone Circuit,14.0,8.0,8,1.0,webber,Mark,Webber,27-08-1976,Australian,jaguar,Jaguar,British,9,60,Finished,Silverstone,UK,52.0786,-1.01694,0
8159,2004,11,British Grand Prix,11-07-2004,silverstone,Silverstone Circuit,18.0,15.0,15,0.0,heidfeld,Nick,Heidfeld,10-05-1977,German,jordan,Jordan,Irish,15,59,+1 Lap,Silverstone,UK,52.0786,-1.01694,0
8263,2004,11,British Grand Prix,11-07-2004,silverstone,Silverstone Circuit,16.0,13.0,13,0.0,matta,Cristiano,da Matta,19-09-1973,Brazilian,toyota,Toyota,Japanese,12,59,+1 Lap,Silverstone,UK,52.0786,-1.01694,0
9101,2004,11,British Grand Prix,11-07-2004,silverstone,Silverstone Circuit,15.0,14.0,14,0.0,klien,Christian,Klien,07-02-1983,Austrian,jaguar,Jaguar,British,13,59,+1 Lap,Silverstone,UK,52.0786,-1.01694,0
10631,2004,11,British Grand Prix,11-07-2004,silverstone,Silverstone Circuit,19.0,,R,0.0,pantano,Giorgio,Pantano,04-02-1979,Italian,jordan,Jordan,Irish,14,47,Spun off,Silverstone,UK,52.0786,-1.01694,0
11762,2004,11,British Grand Prix,11-07-2004,silverstone,Silverstone Circuit,21.0,,R,0.0,baumgartner,Zsolt,Baumgartner,01-01-1981,Hungarian,minardi,Minardi,Italian,19,29,Engine,Silverstone,UK,52.0786,-1.01694,0
15059,2004,11,British Grand Prix,11-07-2004,silverstone,Silverstone Circuit,7.0,,R,0.0,trulli,Jarno,Trulli,13-07-1974,Italian,renault,Renault,French,5,39,Accident,Silverstone,UK,52.0786,-1.01694,1
15280,2004,11,British Grand Prix,11-07-2004,silverstone,Silverstone Circuit,17.0,,R,0.0,panis,Olivier,Panis,02-09-1966,French,toyota,Toyota,Japanese,17,16,Accident,Silverstone,UK,52.0786,-1.01694,0
16901,2004,11,British Grand Prix,11-07-2004,silverstone,Silverstone Circuit,20.0,16.0,16,0.0,bruni,Gianmaria,Bruni,30-05-1981,Italian,minardi,Minardi,Italian,18,56,+4 Laps,Silverstone,UK,52.0786,-1.01694,0
109,2004,12,German Grand Prix,25-07-2004,hockenheimring,Hockenheimring,9.0,2.0,2,8.0,button,Jenson,Button,19-01-1980,British,bar,BAR,British,13,66,Finished,Hockenheim,Germany,49.3278,8.56583,0
110,2004,12,German Grand Prix,25-07-2004,hockenheimring,Hockenheimring,10.0,8.0,8,1.0,sato,Takuma,Sato,28-01-1977,Japanese,bar,BAR,British,8,66,Finished,Hockenheim,Germany,49.3278,8.56583,0
177,2004,12,German Grand Prix,25-07-2004,hockenheimring,Hockenheimring,7.0,11.0,11,0.0,trulli,Jarno,Trulli,13-07-1974,Italian,renault,Renault,French,6,66,Finished,Hockenheim,Germany,49.3278,8.56583,1
178,2004,12,German Grand Prix,25-07-2004,hockenheimring,Hockenheimring,8.0,3.0,3,6.0,alonso,Fernando,Alonso,29-07-1981,Spanish,renault,Renault,French,5,66,Finished,Hockenheim,Germany,49.3278,8.56583,1
962,2004,12,German Grand Prix,25-07-2004,hockenheimring,Hockenheimring,3.0,5.0,5,4.0,montoya,Juan,Pablo Montoya,20-09-1975,Colombian,williams,Williams,British,2,66,Finished,Hockenheim,Germany,49.3278,8.56583,0
963,2004,12,German Grand Prix,25-07-2004,hockenheimring,Hockenheimring,4.0,7.0,7,2.0,pizzonia,AntÌ«nio,Pizzonia,11-09-1980,Brazilian,williams,Williams,British,10,66,Finished,Hockenheim,Germany,49.3278,8.56583,0
1531,2004,12,German Grand Prix,25-07-2004,hockenheimring,Hockenheimring,5.0,4.0,4,5.0,coulthard,David,Coulthard,27-03-1971,British,mclaren,McLaren,British,4,66,Finished,Hockenheim,Germany,49.3278,8.56583,0
2166,2004,12,German Grand Prix,25-07-2004,hockenheimring,Hockenheimring,2.0,12.0,12,0.0,barrichello,Rubens,Barrichello,23-05-1972,Brazilian,ferrari,Ferrari,Italian,7,66,Finished,Hockenheim,Germany,49.3278,8.56583,11
2167,2004,12,German Grand Prix,25-07-2004,hockenheimring,Hockenheimring,1.0,1.0,1,10.0,michael_schumacher,Michael,Schumacher,03-01-1969,German,ferrari,Ferrari,Italian,1,66,Finished,Hockenheim,Germany,49.3278,8.56583,11
3918,2004,12,German Grand Prix,25-07-2004,hockenheimring,Hockenheimring,11.0,9.0,9,0.0,fisichella,Giancarlo,Fisichella,14-01-1973,Italian,sauber,Sauber,Swiss,14,66,Finished,Hockenheim,Germany,49.3278,8.56583,0
4477,2004,12,German Grand Prix,25-07-2004,hockenheimring,Hockenheimring,14.0,6.0,6,3.0,webber,Mark,Webber,27-08-1976,Australian,jaguar,Jaguar,British,11,66,Finished,Hockenheim,Germany,49.3278,8.56583,0
4478,2004,12,German Grand Prix,25-07-2004,hockenheimring,Hockenheimring,15.0,10.0,10,0.0,klien,Christian,Klien,07-02-1983,Austrian,jaguar,Jaguar,British,12,66,Finished,Hockenheim,Germany,49.3278,8.56583,0
8270,2004,12,German Grand Prix,25-07-2004,hockenheimring,Hockenheimring,17.0,14.0,14,0.0,panis,Olivier,Panis,02-09-1966,French,toyota,Toyota,Japanese,9,65,+1 Lap,Hockenheim,Germany,49.3278,8.56583,0
8817,2004,12,German Grand Prix,25-07-2004,hockenheimring,Hockenheimring,12.0,13.0,13,0.0,massa,Felipe,Massa,25-04-1981,Brazilian,sauber,Sauber,Swiss,16,65,+1 Lap,Hockenheim,Germany,49.3278,8.56583,0
16907,2004,12,German Grand Prix,25-07-2004,hockenheimring,Hockenheimring,20.0,17.0,17,0.0,bruni,Gianmaria,Bruni,30-05-1981,Italian,minardi,Minardi,Italian,19,62,+4 Laps,Hockenheim,Germany,49.3278,8.56583,0
16908,2004,12,German Grand Prix,25-07-2004,hockenheimring,Hockenheimring,21.0,16.0,16,0.0,baumgartner,Zsolt,Baumgartner,01-01-1981,Hungarian,minardi,Minardi,Italian,20,62,+4 Laps,Hockenheim,Germany,49.3278,8.56583,0
18497,2004,12,German Grand Prix,25-07-2004,hockenheimring,Hockenheimring,19.0,15.0,15,0.0,pantano,Giorgio,Pantano,04-02-1979,Italian,jordan,Jordan,Irish,17,63,+3 Laps,Hockenheim,Germany,49.3278,8.56583,0
20842,2004,12,German Grand Prix,25-07-2004,hockenheimring,Hockenheimring,16.0,,R,0.0,matta,Cristiano,da Matta,19-09-1973,Brazilian,toyota,Toyota,Japanese,15,38,Puncture,Hockenheim,Germany,49.3278,8.56583,0
20877,2004,12,German Grand Prix,25-07-2004,hockenheimring,Hockenheimring,18.0,,R,0.0,heidfeld,Nick,Heidfeld,10-05-1977,German,jordan,Jordan,Irish,18,42,Handling,Hockenheim,Germany,49.3278,8.56583,0
21427,2004,12,German Grand Prix,25-07-2004,hockenheimring,Hockenheimring,6.0,,R,0.0,raikkonen,Kimi,RÌ_ikkÌ¦nen,17-10-1979,Finnish,mclaren,McLaren,British,3,13,Rear wing,Hockenheim,Germany,49.3278,8.56583,0
94,2004,13,Hungarian Grand Prix,15-08-2004,hungaroring,Hungaroring,9.0,5.0,5,4.0,button,Jenson,Button,19-01-1980,British,bar,BAR,British,4,70,Finished,Budapest,Hungary,47.5789,19.2486,0
167,2004,13,Hungarian Grand Prix,15-08-2004,hungaroring,Hungaroring,8.0,3.0,3,6.0,alonso,Fernando,Alonso,29-07-1981,Spanish,renault,Renault,French,5,70,Finished,Budapest,Hungary,47.5789,19.2486,1
955,2004,13,Hungarian Grand Prix,15-08-2004,hungaroring,Hungaroring,3.0,4.0,4,5.0,montoya,Juan,Pablo Montoya,20-09-1975,Colombian,williams,Williams,British,7,70,Finished,Budapest,Hungary,47.5789,19.2486,0
2102,2004,13,Hungarian Grand Prix,15-08-2004,hungaroring,Hungaroring,2.0,2.0,2,8.0,barrichello,Rubens,Barrichello,23-05-1972,Brazilian,ferrari,Ferrari,Italian,2,70,Finished,Budapest,Hungary,47.5789,19.2486,12
2103,2004,13,Hungarian Grand Prix,15-08-2004,hungaroring,Hungaroring,1.0,1.0,1,10.0,michael_schumacher,Michael,Schumacher,03-01-1969,German,ferrari,Ferrari,Italian,1,70,Finished,Budapest,Hungary,47.5789,19.2486,12
5898,2004,13,Hungarian Grand Prix,15-08-2004,hungaroring,Hungaroring,19.0,,R,0.0,pantano,Giorgio,Pantano,04-02-1979,Italian,jordan,Jordan,Irish,17,48,Gearbox,Budapest,Hungary,47.5789,19.2486,0
7239,2004,13,Hungarian Grand Prix,15-08-2004,hungaroring,Hungaroring,10.0,6.0,6,3.0,sato,Takuma,Sato,28-01-1977,Japanese,bar,BAR,British,3,69,+1 Lap,Budapest,Hungary,47.5789,19.2486,0
7653,2004,13,Hungarian Grand Prix,15-08-2004,hungaroring,Hungaroring,4.0,7.0,7,2.0,pizzonia,AntÌ«nio,Pizzonia,11-09-1980,Brazilian,williams,Williams,British,6,69,+1 Lap,Budapest,Hungary,47.5789,19.2486,0
7796,2004,13,Hungarian Grand Prix,15-08-2004,hungaroring,Hungaroring,5.0,9.0,9,0.0,coulthard,David,Coulthard,27-03-1971,British,mclaren,McLaren,British,12,69,+1 Lap,Budapest,Hungary,47.5789,19.2486,0
8278,2004,13,Hungarian Grand Prix,15-08-2004,hungaroring,Hungaroring,17.0,11.0,11,0.0,panis,Olivier,Panis,02-09-1966,French,toyota,Toyota,Japanese,13,69,+1 Lap,Budapest,Hungary,47.5789,19.2486,0
8812,2004,13,Hungarian Grand Prix,15-08-2004,hungaroring,Hungaroring,11.0,8.0,8,1.0,fisichella,Giancarlo,Fisichella,14-01-1973,Italian,sauber,Sauber,Swiss,8,69,+1 Lap,Budapest,Hungary,47.5789,19.2486,0
9106,2004,13,Hungarian Grand Prix,15-08-2004,hungaroring,Hungaroring,14.0,10.0,10,0.0,webber,Mark,Webber,27-08-1976,Australian,jaguar,Jaguar,British,11,69,+1 Lap,Budapest,Hungary,47.5789,19.2486,0
11273,2004,13,Hungarian Grand Prix,15-08-2004,hungaroring,Hungaroring,7.0,,R,0.0,trulli,Jarno,Trulli,13-07-1974,Italian,renault,Renault,French,9,41,Engine,Budapest,Hungary,47.5789,19.2486,1
13189,2004,13,Hungarian Grand Prix,15-08-2004,hungaroring,Hungaroring,18.0,12.0,12,0.0,heidfeld,Nick,Heidfeld,10-05-1977,German,jordan,Jordan,Irish,16,68,+2 Laps,Budapest,Hungary,47.5789,19.2486,0
13509,2004,13,Hungarian Grand Prix,15-08-2004,hungaroring,Hungaroring,15.0,13.0,13,0.0,klien,Christian,Klien,07-02-1983,Austrian,jaguar,Jaguar,British,14,68,+2 Laps,Budapest,Hungary,47.5789,19.2486,0
16080,2004,13,Hungarian Grand Prix,15-08-2004,hungaroring,Hungaroring,21.0,15.0,15,0.0,baumgartner,Zsolt,Baumgartner,01-01-1981,Hungarian,minardi,Minardi,Italian,18,65,+5 Laps,Budapest,Hungary,47.5789,19.2486,0
16742,2004,13,Hungarian Grand Prix,15-08-2004,hungaroring,Hungaroring,12.0,,R,0.0,massa,Felipe,Massa,25-04-1981,Brazilian,sauber,Sauber,Swiss,20,21,Brakes,Budapest,Hungary,47.5789,19.2486,0
16902,2004,13,Hungarian Grand Prix,15-08-2004,hungaroring,Hungaroring,20.0,14.0,14,0.0,bruni,Gianmaria,Bruni,30-05-1981,Italian,minardi,Minardi,Italian,19,66,+4 Laps,Budapest,Hungary,47.5789,19.2486,0
17253,2004,13,Hungarian Grand Prix,15-08-2004,hungaroring,Hungaroring,6.0,,R,0.0,raikkonen,Kimi,RÌ_ikkÌ¦nen,17-10-1979,Finnish,mclaren,McLaren,British,10,13,Electrical,Budapest,Hungary,47.5789,19.2486,0
19166,2004,13,Hungarian Grand Prix,15-08-2004,hungaroring,Hungaroring,16.0,,R,0.0,zonta,Ricardo,Zonta,23-03-1976,Brazilian,toyota,Toyota,Japanese,15,31,Electronics,Budapest,Hungary,47.5789,19.2486,0
169,2004,14,Belgian Grand Prix,29-08-2004,spa,Circuit de Spa-Francorchamps,7.0,9.0,9,0.0,trulli,Jarno,Trulli,13-07-1974,Italian,renault,Renault,French,1,44,Finished,Spa,Belgium,50.4372,5.97139,1
1492,2004,14,Belgian Grand Prix,29-08-2004,spa,Circuit de Spa-Francorchamps,6.0,1.0,1,10.0,raikkonen,Kimi,RÌ_ikkÌ¦nen,17-10-1979,Finnish,mclaren,McLaren,British,10,44,Finished,Spa,Belgium,50.4372,5.97139,1
1493,2004,14,Belgian Grand Prix,29-08-2004,spa,Circuit de Spa-Francorchamps,5.0,7.0,7,2.0,coulthard,David,Coulthard,27-03-1971,British,mclaren,McLaren,British,4,44,Finished,Spa,Belgium,50.4372,5.97139,1
2111,2004,14,Belgian Grand Prix,29-08-2004,spa,Circuit de Spa-Francorchamps,2.0,3.0,3,6.0,barrichello,Rubens,Barrichello,23-05-1972,Brazilian,ferrari,Ferrari,Italian,6,44,Finished,Spa,Belgium,50.4372,5.97139,12
2112,2004,14,Belgian Grand Prix,29-08-2004,spa,Circuit de Spa-Francorchamps,1.0,2.0,2,8.0,michael_schumacher,Michael,Schumacher,03-01-1969,German,ferrari,Ferrari,Italian,2,44,Finished,Spa,Belgium,50.4372,5.97139,12
3242,2004,14,Belgian Grand Prix,29-08-2004,spa,Circuit de Spa-Francorchamps,17.0,8.0,8,1.0,panis,Olivier,Panis,02-09-1966,French,toyota,Toyota,Japanese,9,44,Finished,Spa,Belgium,50.4372,5.97139,0
3911,2004,14,Belgian Grand Prix,29-08-2004,spa,Circuit de Spa-Francorchamps,11.0,5.0,5,4.0,fisichella,Giancarlo,Fisichella,14-01-1973,Italian,sauber,Sauber,Swiss,5,44,Finished,Spa,Belgium,50.4372,5.97139,0
3912,2004,14,Belgian Grand Prix,29-08-2004,spa,Circuit de Spa-Francorchamps,12.0,4.0,4,5.0,massa,Felipe,Massa,25-04-1981,Brazilian,sauber,Sauber,Swiss,8,44,Finished,Spa,Belgium,50.4372,5.97139,0
4472,2004,14,Belgian Grand Prix,29-08-2004,spa,Circuit de Spa-Francorchamps,15.0,6.0,6,3.0,klien,Christian,Klien,07-02-1983,Austrian,jaguar,Jaguar,British,13,44,Finished,Spa,Belgium,50.4372,5.97139,0
5788,2004,14,Belgian Grand Prix,29-08-2004,spa,Circuit de Spa-Francorchamps,4.0,,R,0.0,pizzonia,AntÌ«nio,Pizzonia,11-09-1980,Brazilian,williams,Williams,British,14,31,Gearbox,Spa,Belgium,50.4372,5.97139,0
6456,2004,14,Belgian Grand Prix,29-08-2004,spa,Circuit de Spa-Francorchamps,9.0,,R,0.0,button,Jenson,Button,19-01-1980,British,bar,BAR,British,12,29,Collision,Spa,Belgium,50.4372,5.97139,0
6457,2004,14,Belgian Grand Prix,29-08-2004,spa,Circuit de Spa-Francorchamps,10.0,,R,0.0,sato,Takuma,Sato,28-01-1977,Japanese,bar,BAR,British,15,0,Collision,Spa,Belgium,50.4372,5.97139,0
6719,2004,14,Belgian Grand Prix,29-08-2004,spa,Circuit de Spa-Francorchamps,19.0,,R,0.0,pantano,Giorgio,Pantano,04-02-1979,Italian,jordan,Jordan,Irish,19,0,Collision,Spa,Belgium,50.4372,5.97139,0
6758,2004,14,Belgian Grand Prix,29-08-2004,spa,Circuit de Spa-Francorchamps,20.0,,R,0.0,bruni,Gianmaria,Bruni,30-05-1981,Italian,minardi,Minardi,Italian,17,0,Collision,Spa,Belgium,50.4372,5.97139,0
6759,2004,14,Belgian Grand Prix,29-08-2004,spa,Circuit de Spa-Francorchamps,21.0,,R,0.0,baumgartner,Zsolt,Baumgartner,01-01-1981,Hungarian,minardi,Minardi,Italian,18,28,Collision,Spa,Belgium,50.4372,5.97139,0
6919,2004,14,Belgian Grand Prix,29-08-2004,spa,Circuit de Spa-Francorchamps,14.0,,R,0.0,webber,Mark,Webber,27-08-1976,Australian,jaguar,Jaguar,British,7,0,Collision,Spa,Belgium,50.4372,5.97139,0
11274,2004,14,Belgian Grand Prix,29-08-2004,spa,Circuit de Spa-Francorchamps,8.0,,R,0.0,alonso,Fernando,Alonso,29-07-1981,Spanish,renault,Renault,French,3,11,Engine,Spa,Belgium,50.4372,5.97139,1
11726,2004,14,Belgian Grand Prix,29-08-2004,spa,Circuit de Spa-Francorchamps,16.0,10.0,10,0.0,zonta,Ricardo,Zonta,23-03-1976,Brazilian,toyota,Toyota,Japanese,20,41,Engine,Spa,Belgium,50.4372,5.97139,0
16886,2004,14,Belgian Grand Prix,29-08-2004,spa,Circuit de Spa-Francorchamps,18.0,11.0,11,0.0,heidfeld,Nick,Heidfeld,10-05-1977,German,jordan,Jordan,Irish,16,40,+4 Laps,Spa,Belgium,50.4372,5.97139,0
19226,2004,14,Belgian Grand Prix,29-08-2004,spa,Circuit de Spa-Francorchamps,3.0,,R,0.0,montoya,Juan,Pablo Montoya,20-09-1975,Colombian,williams,Williams,British,11,37,Tyre,Spa,Belgium,50.4372,5.97139,0
97,2004,15,Italian Grand Prix,12-09-2004,monza,Autodromo Nazionale di Monza,9.0,3.0,3,6.0,button,Jenson,Button,19-01-1980,British,bar,BAR,British,6,53,Finished,Monza,Italy,45.6156,9.28111,0
98,2004,15,Italian Grand Prix,12-09-2004,monza,Autodromo Nazionale di Monza,10.0,4.0,4,5.0,sato,Takuma,Sato,28-01-1977,Japanese,bar,BAR,British,5,53,Finished,Monza,Italy,45.6156,9.28111,0
170,2004,15,Italian Grand Prix,12-09-2004,monza,Autodromo Nazionale di Monza,7.0,10.0,10,0.0,trulli,Jarno,Trulli,13-07-1974,Italian,renault,Renault,French,9,53,Finished,Monza,Italy,45.6156,9.28111,1
956,2004,15,Italian Grand Prix,12-09-2004,monza,Autodromo Nazionale di Monza,3.0,5.0,5,4.0,montoya,Juan,Pablo Montoya,20-09-1975,Colombian,williams,Williams,British,2,53,Finished,Monza,Italy,45.6156,9.28111,0
957,2004,15,Italian Grand Prix,12-09-2004,monza,Autodromo Nazionale di Monza,4.0,7.0,7,2.0,pizzonia,AntÌ«nio,Pizzonia,11-09-1980,Brazilian,williams,Williams,British,8,53,Finished,Monza,Italy,45.6156,9.28111,0
1498,2004,15,Italian Grand Prix,12-09-2004,monza,Autodromo Nazionale di Monza,5.0,6.0,6,3.0,coulthard,David,Coulthard,27-03-1971,British,mclaren,McLaren,British,10,53,Finished,Monza,Italy,45.6156,9.28111,1
2119,2004,15,Italian Grand Prix,12-09-2004,monza,Autodromo Nazionale di Monza,2.0,1.0,1,10.0,barrichello,Rubens,Barrichello,23-05-1972,Brazilian,ferrari,Ferrari,Italian,1,53,Finished,Monza,Italy,45.6156,9.28111,13
2120,2004,15,Italian Grand Prix,12-09-2004,monza,Autodromo Nazionale di Monza,1.0,2.0,2,8.0,michael_schumacher,Michael,Schumacher,03-01-1969,German,ferrari,Ferrari,Italian,3,53,Finished,Monza,Italy,45.6156,9.28111,13
3243,2004,15,Italian Grand Prix,12-09-2004,monza,Autodromo Nazionale di Monza,16.0,11.0,11,0.0,zonta,Ricardo,Zonta,23-03-1976,Brazilian,toyota,Toyota,Japanese,11,53,Finished,Monza,Italy,45.6156,9.28111,0
3913,2004,15,Italian Grand Prix,12-09-2004,monza,Autodromo Nazionale di Monza,11.0,8.0,8,1.0,fisichella,Giancarlo,Fisichella,14-01-1973,Italian,sauber,Sauber,Swiss,15,53,Finished,Monza,Italy,45.6156,9.28111,0
4473,2004,15,Italian Grand Prix,12-09-2004,monza,Autodromo Nazionale di Monza,14.0,9.0,9,0.0,webber,Mark,Webber,27-08-1976,Australian,jaguar,Jaguar,British,12,53,Finished,Monza,Italy,45.6156,9.28111,0
6741,2004,15,Italian Grand Prix,12-09-2004,monza,Autodromo Nazionale di Monza,17.0,,R,0.0,panis,Olivier,Panis,02-09-1966,French,toyota,Toyota,Japanese,13,0,Collision,Monza,Italy,45.6156,9.28111,0
8161,2004,15,Italian Grand Prix,12-09-2004,monza,Autodromo Nazionale di Monza,18.0,14.0,14,0.0,heidfeld,Nick,Heidfeld,10-05-1977,German,jordan,Jordan,Irish,20,52,+1 Lap,Monza,Italy,45.6156,9.28111,0
8813,2004,15,Italian Grand Prix,12-09-2004,monza,Autodromo Nazionale di Monza,12.0,12.0,12,0.0,massa,Felipe,Massa,25-04-1981,Brazilian,sauber,Sauber,Swiss,16,52,+1 Lap,Monza,Italy,45.6156,9.28111,0
9107,2004,15,Italian Grand Prix,12-09-2004,monza,Autodromo Nazionale di Monza,15.0,13.0,13,0.0,klien,Christian,Klien,07-02-1983,Austrian,jaguar,Jaguar,British,14,52,+1 Lap,Monza,Italy,45.6156,9.28111,0
10415,2004,15,Italian Grand Prix,12-09-2004,monza,Autodromo Nazionale di Monza,8.0,,R,0.0,alonso,Fernando,Alonso,29-07-1981,Spanish,renault,Renault,French,4,40,Spun off,Monza,Italy,45.6156,9.28111,1
11447,2004,15,Italian Grand Prix,12-09-2004,monza,Autodromo Nazionale di Monza,6.0,,R,0.0,raikkonen,Kimi,RÌ_ikkÌ¦nen,17-10-1979,Finnish,mclaren,McLaren,British,7,13,Engine,Monza,Italy,45.6156,9.28111,1
15267,2004,15,Italian Grand Prix,12-09-2004,monza,Autodromo Nazionale di Monza,19.0,,R,0.0,pantano,Giorgio,Pantano,04-02-1979,Italian,jordan,Jordan,Irish,17,33,Accident,Monza,Italy,45.6156,9.28111,0
18544,2004,15,Italian Grand Prix,12-09-2004,monza,Autodromo Nazionale di Monza,21.0,15.0,15,0.0,baumgartner,Zsolt,Baumgartner,01-01-1981,Hungarian,minardi,Minardi,Italian,19,50,+3 Laps,Monza,Italy,45.6156,9.28111,0
21803,2004,15,Italian Grand Prix,12-09-2004,monza,Autodromo Nazionale di Monza,20.0,,R,0.0,bruni,Gianmaria,Bruni,30-05-1981,Italian,minardi,Minardi,Italian,18,29,Fire,Monza,Italy,45.6156,9.28111,0
78,2004,16,Chinese Grand Prix,26-09-2004,shanghai,Shanghai International Circuit,9.0,2.0,2,8.0,button,Jenson,Button,19-01-1980,British,bar,BAR,British,3,56,Finished,Shanghai,China,31.3389,121.22,0
79,2004,16,Chinese Grand Prix,26-09-2004,shanghai,Shanghai International Circuit,10.0,6.0,6,3.0,sato,Takuma,Sato,28-01-1977,Japanese,bar,BAR,British,18,56,Finished,Shanghai,China,31.3389,121.22,0
204,2004,16,Chinese Grand Prix,26-09-2004,shanghai,Shanghai International Circuit,8.0,4.0,4,5.0,alonso,Fernando,Alonso,29-07-1981,Spanish,renault,Renault,French,6,56,Finished,Shanghai,China,31.3389,121.22,1
825,2004,16,Chinese Grand Prix,26-09-2004,shanghai,Shanghai International Circuit,3.0,5.0,5,4.0,montoya,Juan,Pablo Montoya,20-09-1975,Colombian,williams,Williams,British,10,56,Finished,Shanghai,China,31.3389,121.22,0
1456,2004,16,Chinese Grand Prix,26-09-2004,shanghai,Shanghai International Circuit,6.0,3.0,3,6.0,raikkonen,Kimi,RÌ_ikkÌ¦nen,17-10-1979,Finnish,mclaren,McLaren,British,2,56,Finished,Shanghai,China,31.3389,121.22,1
1457,2004,16,Chinese Grand Prix,26-09-2004,shanghai,Shanghai International Circuit,5.0,9.0,9,0.0,coulthard,David,Coulthard,27-03-1971,British,mclaren,McLaren,British,9,56,Finished,Shanghai,China,31.3389,121.22,1
2059,2004,16,Chinese Grand Prix,26-09-2004,shanghai,Shanghai International Circuit,2.0,1.0,1,10.0,barrichello,Rubens,Barrichello,23-05-1972,Brazilian,ferrari,Ferrari,Italian,1,56,Finished,Shanghai,China,31.3389,121.22,14
3905,2004,16,Chinese Grand Prix,26-09-2004,shanghai,Shanghai International Circuit,11.0,7.0,7,2.0,fisichella,Giancarlo,Fisichella,14-01-1973,Italian,sauber,Sauber,Swiss,7,56,Finished,Shanghai,China,31.3389,121.22,0
3906,2004,16,Chinese Grand Prix,26-09-2004,shanghai,Shanghai International Circuit,12.0,8.0,8,1.0,massa,Felipe,Massa,25-04-1981,Brazilian,sauber,Sauber,Swiss,4,56,Finished,Shanghai,China,31.3389,121.22,0
6538,2004,16,Chinese Grand Prix,26-09-2004,shanghai,Shanghai International Circuit,4.0,,R,0.0,ralf_schumacher,Ralf,Schumacher,30-06-1975,German,williams,Williams,British,5,37,Collision,Shanghai,China,31.3389,121.22,0
6918,2004,16,Chinese Grand Prix,26-09-2004,shanghai,Shanghai International Circuit,15.0,,R,0.0,klien,Christian,Klien,07-02-1983,Austrian,jaguar,Jaguar,British,15,11,Collision,Shanghai,China,31.3389,121.22,0
7302,2004,16,Chinese Grand Prix,26-09-2004,shanghai,Shanghai International Circuit,7.0,11.0,11,0.0,villeneuve,Jacques,Villeneuve,09-04-1971,Canadian,renault,Renault,French,12,55,+1 Lap,Shanghai,China,31.3389,121.22,1
7928,2004,16,Chinese Grand Prix,26-09-2004,shanghai,Shanghai International Circuit,1.0,12.0,12,0.0,michael_schumacher,Michael,Schumacher,03-01-1969,German,ferrari,Ferrari,Italian,20,55,+1 Lap,Shanghai,China,31.3389,121.22,14
8155,2004,16,Chinese Grand Prix,26-09-2004,shanghai,Shanghai International Circuit,19.0,15.0,15,0.0,glock,Timo,Glock,18-03-1982,German,jordan,Jordan,Irish,16,55,+1 Lap,Shanghai,China,31.3389,121.22,0
8156,2004,16,Chinese Grand Prix,26-09-2004,shanghai,Shanghai International Circuit,18.0,13.0,13,0.0,heidfeld,Nick,Heidfeld,10-05-1977,German,jordan,Jordan,Irish,14,55,+1 Lap,Shanghai,China,31.3389,121.22,0
8277,2004,16,Chinese Grand Prix,26-09-2004,shanghai,Shanghai International Circuit,17.0,14.0,14,0.0,panis,Olivier,Panis,02-09-1966,French,toyota,Toyota,Japanese,8,55,+1 Lap,Shanghai,China,31.3389,121.22,0
9096,2004,16,Chinese Grand Prix,26-09-2004,shanghai,Shanghai International Circuit,14.0,10.0,10,0.0,webber,Mark,Webber,27-08-1976,Australian,jaguar,Jaguar,British,11,55,+1 Lap,Shanghai,China,31.3389,121.22,0
18167,2004,16,Chinese Grand Prix,26-09-2004,shanghai,Shanghai International Circuit,16.0,,R,0.0,zonta,Ricardo,Zonta,23-03-1976,Brazilian,toyota,Toyota,Japanese,13,35,Transmission,Shanghai,China,31.3389,121.22,0
18541,2004,16,Chinese Grand Prix,26-09-2004,shanghai,Shanghai International Circuit,21.0,16.0,16,0.0,baumgartner,Zsolt,Baumgartner,01-01-1981,Hungarian,minardi,Minardi,Italian,19,53,+3 Laps,Shanghai,China,31.3389,121.22,0
19110,2004,16,Chinese Grand Prix,26-09-2004,shanghai,Shanghai International Circuit,20.0,,R,0.0,bruni,Gianmaria,Bruni,30-05-1981,Italian,minardi,Minardi,Italian,17,38,Wheel,Shanghai,China,31.3389,121.22,0
100,2004,17,Japanese Grand Prix,10-10-2004,suzuka,Suzuka Circuit,9.0,3.0,3,6.0,button,Jenson,Button,19-01-1980,British,bar,BAR,British,5,53,Finished,Suzuka,Japan,34.8431,136.541,0
101,2004,17,Japanese Grand Prix,10-10-2004,suzuka,Suzuka Circuit,10.0,4.0,4,5.0,sato,Takuma,Sato,28-01-1977,Japanese,bar,BAR,British,4,53,Finished,Suzuka,Japan,34.8431,136.541,0
256,2004,17,Japanese Grand Prix,10-10-2004,suzuka,Suzuka Circuit,8.0,5.0,5,4.0,alonso,Fernando,Alonso,29-07-1981,Spanish,renault,Renault,French,11,53,Finished,Suzuka,Japan,34.8431,136.541,1
860,2004,17,Japanese Grand Prix,10-10-2004,suzuka,Suzuka Circuit,4.0,2.0,2,8.0,ralf_schumacher,Ralf,Schumacher,30-06-1975,German,williams,Williams,British,2,53,Finished,Suzuka,Japan,34.8431,136.541,0
861,2004,17,Japanese Grand Prix,10-10-2004,suzuka,Suzuka Circuit,3.0,7.0,7,2.0,montoya,Juan,Pablo Montoya,20-09-1975,Colombian,williams,Williams,British,13,53,Finished,Suzuka,Japan,34.8431,136.541,0
1503,2004,17,Japanese Grand Prix,10-10-2004,suzuka,Suzuka Circuit,6.0,6.0,6,3.0,raikkonen,Kimi,RÌ_ikkÌ¦nen,17-10-1979,Finnish,mclaren,McLaren,British,12,53,Finished,Suzuka,Japan,34.8431,136.541,1
2130,2004,17,Japanese Grand Prix,10-10-2004,suzuka,Suzuka Circuit,1.0,1.0,1,10.0,michael_schumacher,Michael,Schumacher,03-01-1969,German,ferrari,Ferrari,Italian,1,53,Finished,Suzuka,Japan,34.8431,136.541,15
3914,2004,17,Japanese Grand Prix,10-10-2004,suzuka,Suzuka Circuit,11.0,8.0,8,1.0,fisichella,Giancarlo,Fisichella,14-01-1973,Italian,sauber,Sauber,Swiss,7,53,Finished,Suzuka,Japan,34.8431,136.541,0
3915,2004,17,Japanese Grand Prix,10-10-2004,suzuka,Suzuka Circuit,12.0,9.0,9,0.0,massa,Felipe,Massa,25-04-1981,Brazilian,sauber,Sauber,Swiss,19,53,Finished,Suzuka,Japan,34.8431,136.541,0
6600,2004,17,Japanese Grand Prix,10-10-2004,suzuka,Suzuka Circuit,5.0,,R,0.0,coulthard,David,Coulthard,27-03-1971,British,mclaren,McLaren,British,8,38,Collision,Suzuka,Japan,34.8431,136.541,1
6646,2004,17,Japanese Grand Prix,10-10-2004,suzuka,Suzuka Circuit,2.0,,R,0.0,barrichello,Rubens,Barrichello,23-05-1972,Brazilian,ferrari,Ferrari,Italian,15,38,Collision,Suzuka,Japan,34.8431,136.541,15
7315,2004,17,Japanese Grand Prix,10-10-2004,suzuka,Suzuka Circuit,7.0,10.0,10,0.0,villeneuve,Jacques,Villeneuve,09-04-1971,Canadian,renault,Renault,French,9,52,+1 Lap,Suzuka,Japan,34.8431,136.541,1
8157,2004,17,Japanese Grand Prix,10-10-2004,suzuka,Suzuka Circuit,18.0,13.0,13,0.0,heidfeld,Nick,Heidfeld,10-05-1977,German,jordan,Jordan,Irish,16,52,+1 Lap,Suzuka,Japan,34.8431,136.541,0
8242,2004,17,Japanese Grand Prix,10-10-2004,suzuka,Suzuka Circuit,16.0,11.0,11,0.0,trulli,Jarno,Trulli,13-07-1974,Italian,toyota,Toyota,Japanese,6,52,+1 Lap,Suzuka,Japan,34.8431,136.541,0
9109,2004,17,Japanese Grand Prix,10-10-2004,suzuka,Suzuka Circuit,15.0,12.0,12,0.0,klien,Christian,Klien,07-02-1983,Austrian,jaguar,Jaguar,British,14,52,+1 Lap,Suzuka,Japan,34.8431,136.541,0
10680,2004,17,Japanese Grand Prix,10-10-2004,suzuka,Suzuka Circuit,21.0,,R,0.0,baumgartner,Zsolt,Baumgartner,01-01-1981,Hungarian,minardi,Minardi,Italian,20,41,Spun off,Suzuka,Japan,34.8431,136.541,0
13181,2004,17,Japanese Grand Prix,10-10-2004,suzuka,Suzuka Circuit,19.0,15.0,15,0.0,glock,Timo,Glock,18-03-1982,German,jordan,Jordan,Irish,17,51,+2 Laps,Suzuka,Japan,34.8431,136.541,0
13219,2004,17,Japanese Grand Prix,10-10-2004,suzuka,Suzuka Circuit,17.0,14.0,14,0.0,panis,Olivier,Panis,02-09-1966,French,toyota,Toyota,Japanese,10,51,+2 Laps,Suzuka,Japan,34.8431,136.541,0
16245,2004,17,Japanese Grand Prix,10-10-2004,suzuka,Suzuka Circuit,14.0,,R,0.0,webber,Mark,Webber,27-08-1976,Australian,jaguar,Jaguar,British,3,20,Overheating,Suzuka,Japan,34.8431,136.541,0
18545,2004,17,Japanese Grand Prix,10-10-2004,suzuka,Suzuka Circuit,20.0,16.0,16,0.0,bruni,Gianmaria,Bruni,30-05-1981,Italian,minardi,Minardi,Italian,18,50,+3 Laps,Suzuka,Japan,34.8431,136.541,0
104,2004,18,Brazilian Grand Prix,24-10-2004,interlagos,AutÌ_dromo JosÌ© Carlos Pace,10.0,6.0,6,3.0,sato,Takuma,Sato,28-01-1977,Japanese,bar,BAR,British,6,71,Finished,SÌ£o Paulo,Brazil,-23.7036,-46.6997,0
262,2004,18,Brazilian Grand Prix,24-10-2004,interlagos,AutÌ_dromo JosÌ© Carlos Pace,8.0,4.0,4,5.0,alonso,Fernando,Alonso,29-07-1981,Spanish,renault,Renault,French,8,71,Finished,SÌ£o Paulo,Brazil,-23.7036,-46.6997,1
866,2004,18,Brazilian Grand Prix,24-10-2004,interlagos,AutÌ_dromo JosÌ© Carlos Pace,4.0,5.0,5,4.0,ralf_schumacher,Ralf,Schumacher,30-06-1975,German,williams,Williams,British,7,71,Finished,SÌ£o Paulo,Brazil,-23.7036,-46.6997,1
867,2004,18,Brazilian Grand Prix,24-10-2004,interlagos,AutÌ_dromo JosÌ© Carlos Pace,3.0,1.0,1,10.0,montoya,Juan,Pablo Montoya,20-09-1975,Colombian,williams,Williams,British,2,71,Finished,SÌ£o Paulo,Brazil,-23.7036,-46.6997,1
1511,2004,18,Brazilian Grand Prix,24-10-2004,interlagos,AutÌ_dromo JosÌ© Carlos Pace,6.0,2.0,2,8.0,raikkonen,Kimi,RÌ_ikkÌ¦nen,17-10-1979,Finnish,mclaren,McLaren,British,3,71,Finished,SÌ£o Paulo,Brazil,-23.7036,-46.6997,1
2141,2004,18,Brazilian Grand Prix,24-10-2004,interlagos,AutÌ_dromo JosÌ© Carlos Pace,2.0,3.0,3,6.0,barrichello,Rubens,Barrichello,23-05-1972,Brazilian,ferrari,Ferrari,Italian,1,71,Finished,SÌ£o Paulo,Brazil,-23.7036,-46.6997,15
2142,2004,18,Brazilian Grand Prix,24-10-2004,interlagos,AutÌ_dromo JosÌ© Carlos Pace,1.0,7.0,7,2.0,michael_schumacher,Michael,Schumacher,03-01-1969,German,ferrari,Ferrari,Italian,18,71,Finished,SÌ£o Paulo,Brazil,-23.7036,-46.6997,15
3916,2004,18,Brazilian Grand Prix,24-10-2004,interlagos,AutÌ_dromo JosÌ© Carlos Pace,11.0,9.0,9,0.0,fisichella,Giancarlo,Fisichella,14-01-1973,Italian,sauber,Sauber,Swiss,10,71,Finished,SÌ£o Paulo,Brazil,-23.7036,-46.6997,0
3917,2004,18,Brazilian Grand Prix,24-10-2004,interlagos,AutÌ_dromo JosÌ© Carlos Pace,12.0,8.0,8,1.0,massa,Felipe,Massa,25-04-1981,Brazilian,sauber,Sauber,Swiss,4,71,Finished,SÌ£o Paulo,Brazil,-23.7036,-46.6997,0
6920,2004,18,Brazilian Grand Prix,24-10-2004,interlagos,AutÌ_dromo JosÌ© Carlos Pace,14.0,,R,0.0,webber,Mark,Webber,27-08-1976,Australian,jaguar,Jaguar,British,11,23,Collision,SÌ£o Paulo,Brazil,-23.7036,-46.6997,0
7317,2004,18,Brazilian Grand Prix,24-10-2004,interlagos,AutÌ_dromo JosÌ© Carlos Pace,7.0,10.0,10,0.0,villeneuve,Jacques,Villeneuve,09-04-1971,Canadian,renault,Renault,French,13,70,+1 Lap,SÌ£o Paulo,Brazil,-23.7036,-46.6997,1
7798,2004,18,Brazilian Grand Prix,24-10-2004,interlagos,AutÌ_dromo JosÌ© Carlos Pace,5.0,11.0,11,0.0,coulthard,David,Coulthard,27-03-1971,British,mclaren,McLaren,British,12,70,+1 Lap,SÌ£o Paulo,Brazil,-23.7036,-46.6997,1
8246,2004,18,Brazilian Grand Prix,24-10-2004,interlagos,AutÌ_dromo JosÌ© Carlos Pace,16.0,12.0,12,0.0,trulli,Jarno,Trulli,13-07-1974,Italian,toyota,Toyota,Japanese,9,70,+1 Lap,SÌ£o Paulo,Brazil,-23.7036,-46.6997,0
8247,2004,18,Brazilian Grand Prix,24-10-2004,interlagos,AutÌ_dromo JosÌ© Carlos Pace,17.0,13.0,13,0.0,zonta,Ricardo,Zonta,23-03-1976,Brazilian,toyota,Toyota,Japanese,14,70,+1 Lap,SÌ£o Paulo,Brazil,-23.7036,-46.6997,0
11247,2004,18,Brazilian Grand Prix,24-10-2004,interlagos,AutÌ_dromo JosÌ© Carlos Pace,9.0,,R,0.0,button,Jenson,Button,19-01-1980,British,bar,BAR,British,5,3,Engine,SÌ£o Paulo,Brazil,-23.7036,-46.6997,0
13182,2004,18,Brazilian Grand Prix,24-10-2004,interlagos,AutÌ_dromo JosÌ© Carlos Pace,19.0,15.0,15,0.0,glock,Timo,Glock,18-03-1982,German,jordan,Jordan,Irish,17,69,+2 Laps,SÌ£o Paulo,Brazil,-23.7036,-46.6997,0
13510,2004,18,Brazilian Grand Prix,24-10-2004,interlagos,AutÌ_dromo JosÌ© Carlos Pace,15.0,14.0,14,0.0,klien,Christian,Klien,07-02-1983,Austrian,jaguar,Jaguar,British,15,69,+2 Laps,SÌ£o Paulo,Brazil,-23.7036,-46.6997,0
16903,2004,18,Brazilian Grand Prix,24-10-2004,interlagos,AutÌ_dromo JosÌ© Carlos Pace,20.0,17.0,17,0.0,bruni,Gianmaria,Bruni,30-05-1981,Italian,minardi,Minardi,Italian,20,67,+4 Laps,SÌ£o Paulo,Brazil,-23.7036,-46.6997,0
16904,2004,18,Brazilian Grand Prix,24-10-2004,interlagos,AutÌ_dromo JosÌ© Carlos Pace,21.0,16.0,16,0.0,baumgartner,Zsolt,Baumgartner,01-01-1981,Hungarian,minardi,Minardi,Italian,19,67,+4 Laps,SÌ£o Paulo,Brazil,-23.7036,-46.6997,0
17898,2004,18,Brazilian Grand Prix,24-10-2004,interlagos,AutÌ_dromo JosÌ© Carlos Pace,18.0,,R,0.0,heidfeld,Nick,Heidfeld,10-05-1977,German,jordan,Jordan,Irish,16,15,Clutch,SÌ£o Paulo,Brazil,-23.7036,-46.6997,0
